id,original_filename,categorie,confidence,metoda_clasificare,processing_status,review_status,companie,material,data_expirare,producator,adresa_producator,extraction_model,extraction_status
1976,A13__L4_0276_AB_26.02.26_teava PEID si fitinguri_ producatorfurnizor -  Valrom Industrie SRL.pdf,ALTELE,0.90,ai,completed,OK,VALROM INDUSTRIE SRL,teava PEID si fitinguri,,,"nr. MAKYOL-RO-LOT4-UTI016-23.02.2026, va",google/gemini-2.0-flash-001,success
1977,1. FT PEHD.pdf,FISA_TEHNICA,0.98,filename+text_agree,completed,OK,TEHNO WORLD SRL,"Tevi din polietilenă de înaltă densitate HDPE PE112, HDPE PE100, PE100RC, HDPE PE80",,TEHNO WORLD SRL,"Via Valsir 2, Villanuova sul Clisi, Italy",google/gemini-2.0-flash-001,success
1978,2. FT FITINGURI.pdf,FISA_TEHNICA,0.99,filename+text_agree,completed,OK,TEHNO WORLD SRL,"FITINGURI SEGMENTATE
POLIETILENA DE INALTA DENSITATE - PEHD",,TEHNO WORLD SRL,"Loc. Baia, nr. 1616, DN2E km 2 Jud. Suceava, RO-727020",google/gemini-2.0-flash-001,success
1979,2. ISO 9001.pdf,ISO,0.99,filename+text_agree,completed,OK,TEHNO WORLD SRL,,31.08.2028,,"Baia nr.1616, DN 2 E- km 2 727030 Baia, jud. Suceava România",google/gemini-2.0-flash-001,success
1980,3. ISO 14001.pdf,ISO,0.99,filename+text_agree,completed,OK,TEHNO WORLD SRL,,31.08.2028,,"Baia nr.1616, DN 2 E- km 2 727030 Baia, jud. Suceava România",google/gemini-2.0-flash-001,success
1981,4. ISO 45001.pdf,ISO,0.99,filename+text_agree,completed,OK,TEHNO WORLD SRL,,02.09.2028,,"Baia nr.1616, DN 2 E- km 2 727030 Baia, jud. Suceava România",google/gemini-2.0-flash-001,success
1982,5. AVT.pdf,AVIZ_TEHNIC,0.90,filename_wins,completed,OK,VALROM INDUSTRIE SRL,Țevi și fitinguri din PEID pentru instalatii de apa,27.06.2026,TEHNO WORLD SRL,"Loc. Baia, nr.1616, DN 2E Km 2, jud. Suceava",google/gemini-2.0-flash-001,success
1983,6. AGT.pdf,AGREMENT,0.98,filename+text_agree,completed,OK,TEHNO WORLD SRL,Țevi si fitinguri din PEID pentru instalații de apa,27.06.2027,TEHNO WORLD SRL,"Loc. Baia, nr. 1616, DN 2E Km 2, jud. Suceava",google/gemini-2.0-flash-001,success
1984,7. AVS.pdf,AVIZ_SANITAR,0.99,filename+text_agree,completed,OK,TEHNO WORLD SRL,"Țevi monostrat/multistrat și fitinguri din polietilenă de înaltă densitate PE80, PE100, PE100RC, PE112, DN 20-1200 mm",28.05.2029,TEHNO WORLD SRL,"Sat Baia, comuna Baia, nr. 1616, jud. Suceava",google/gemini-2.0-flash-001,success
1985,8. DC.pdf,DECLARATIE_CONFORMITATE,0.98,filename+text_agree,completed,OK,TEHNO WORLD SRL,TEVI DIN POLIETILENA DE INALTA DENSITATE PENTRU INSTALATII DE APA,,TEHNO WORLD SRL,Loc. Baia nr. 1616 – jud. Suceava – România,google/gemini-2.0-flash-001,success
1986,9. CC.pdf,CERTIFICAT_CALITATE,0.98,filename+text_agree,completed,OK,TEHNO WORLD SRL,Teava PE pentru apa (conform EN 12201),,TEHNO WORLD SRL,Loc : Jud: RO87BACX0000003023781012,google/gemini-2.0-flash-001,success
1987,2024-04-25-P1R0519_Valrom_A_2024_ro-_extsigned.pdf,CERTIFICAT_CALITATE,0.95,ai,completed,OK,VALROM INDUSTRIE SRL,"Țevi de presiune din polietilenă pentru apă potabilă – PE 80, PE 100, PE 100-RC",,VALROM INDUSTRIE SRL,,google/gemini-2.0-flash-001,success
1988,6. AVS.pdf,AVIZ_SANITAR,0.99,filename+text_agree,completed,OK,VALROM INDUSTRIE SRL,"Țevi și fitinguri VALROM din PE 100 BorSafe HE3490-LS, de culoare neagră cu dungi de reper albastre",,VALROM INDUSTRIE SRL,"București, Sector 6, B-dul Preciziei Nr.28",google/gemini-2.0-flash-001,success
1989,7. AVS RC.pdf,AVIZ_SANITAR,0.99,filename+text_agree,completed,OK,VALROM INDUSTRIE SRL,"Țevi și fitinguri VALROM din PE 100RC BorSafe HE3490-LS-H, de culoare neagră cu dungi de reper albastre",20.05.2025,VALROM INDUSTRIE SRL,"București, Sector 6, B-dul Preciziei Nr. 28",google/gemini-2.0-flash-001,success
1990,Aviz si AT 017-05-4295-2025.pdf,,,,failed,OK,,,,,,,failed
1991,Aviz-agrement-tehnic-4014-DC-Tevi si fit PEHD Water VLR.pdf,AVIZ_TEHNIC_SI_AGREMENT,0.90,filename_wins,completed,OK,VALROM INDUSTRIE SRL,CONDUCTE SI FITINGURI DIN PEID <WaterKIT>,,VALROM INDUSTRIE SRL,"B-dul Preciziei, Nr. 28, Sector 6, Bucuresti, Romania",google/gemini-2.0-flash-001,success
1992,Certificat ISO 14001 SRAC 2025_2026.pdf,ISO,0.99,filename+text_agree,completed,OK,VALROM INDUSTRIE SRL,,24.11.2028,,"B-dul. Preciziei, nr. 28, sector 6, Bucuresti",google/gemini-2.0-flash-001,success
1993,Certificat ISO 45001 SRAC 2025_2026.pdf,ISO,0.99,filename+text_agree,completed,OK,VALROM INDUSTRIE SRL,,24.11.2028,,"B-dul. Preciziei, nr. 28, sector 6, Bucuresti",google/gemini-2.0-flash-001,success
1994,Certificat ISO 9001 SRAC 2025_2026.pdf,ISO,0.99,filename+text_agree,completed,OK,VALROM INDUSTRIE SRL,,24.11.2028,,"B-dul. Preciziei, nr. 28, sector 6, Bucuresti",google/gemini-2.0-flash-001,success
1995,Data sheet WaterKIT PE100CERT pipes_vers vers 2.3 02.02.2026.pdf,FISA_TEHNICA,0.90,filename_regex,completed,OK,,PE100 CERT VALWater PIPES for DRINKING WATER,,VALROM INDUSTRIE SRL,,google/gemini-2.0-flash-001,success
1996,Fisa tehnica Tevi VALWater PE100RC  vers 3.2 03.02.2026.pdf,FISA_TEHNICA,0.99,filename+text_agree,completed,OK,VALROM INDUSTRIE SRL,Țevi din PE100RC VALWater,,VALROM INDUSTRIE SRL,,google/gemini-2.0-flash-001,success
1997,Fisa tehnica Tevi WaterKIT PE100CERT_vers 2.0 21.05.2025.pdf,FISA_TEHNICA,0.99,filename+text_agree,completed,OK,VALROM INDUSTRIE SRL,Tevi <WaterKIT> APA POTABILA PE100 CERT,,VALROM INDUSTRIE SRL,,google/gemini-2.0-flash-001,success
1998,Fisa tehnica Tevi Waterkit PE100RC  vers 3.0 21.05.2025.pdf,FISA_TEHNICA,0.99,filename+text_agree,completed,OK,VALROM INDUSTRIE SRL,Tevi APA POTABILA PE100RC,,VALROM INDUSTRIE SRL,,google/gemini-2.0-flash-001,success
1999,VLR 004.10_Declaratie de conformitate_Tevi si fit VLR PEHD apa VALWater_24_07_2028.pdf,DECLARATIE_CONFORMITATE,0.98,filename+text_agree,completed,OK,VALROM INDUSTRIE SRL,TEVI SI FITINGURI VALROM DIN PEID PENTRU INSTALATII DE ALIMENTARE CU APA RECE,,VALROM INDUSTRIE SRL,"B-dul Preciziei, Nr. 28, Sector 6, Bucuresti, Romania",google/gemini-2.0-flash-001,success
2000,1. FT Teava PEHD apa.pdf,FISA_TEHNICA,0.98,filename+text_agree,completed,OK,,Țevi PE100 pentru APĂ,,TERAPLAST SA,,google/gemini-2.0-flash-001,success
2001,2. ISO 9001.pdf,ISO,0.99,filename+text_agree,completed,OK,TERAPLAST SA,,04.11.2027,,"Str. Industriei nr. 3, Bistrita, Bistrita-Nasaud",google/gemini-2.0-flash-001,success
2002,3. ISO 14001.pdf,ISO,0.99,filename+text_agree,completed,OK,TERAPLAST SA,,04.11.2027,,"Str. Industriei nr. 3, Bistrita, Bistrita-Nasaud",google/gemini-2.0-flash-001,success
2003,4. ISO 45001.pdf,ISO,0.99,filename+text_agree,completed,OK,TERAPLAST SA,,01.12.2027,,"Str. Industriei nr. 3, Bistrita, Bistrita-Nasaud",google/gemini-2.0-flash-001,success
2004,7. AVS.pdf,AVIZ_SANITAR,0.99,filename_regex,completed,OK,TERAPLAST SA,Țevi din PEID pentru instalații de apa,,TERAPLAST SA,"Str. Industriei nr. 3, Bistrita, Bistrita-Nasaud",google/gemini-2.0-flash-001,success
2005,8.1 AVT.pdf,AVIZ_TEHNIC,0.95,filename_wins,completed,OK,,Țevi din PEID pentru instalații de apă,27.09.2026,TERAPLAST SA,"Str. Uzinei nr. 1, Valcea",google/gemini-2.0-flash-001,success
2006,9. AGT.pdf,AGREMENT,0.98,filename+text_agree,completed,OK,TERAPLAST SA,Tevi din PEID pentru instalatii de apa,27.09.2026,TERAPLAST SA,"Sat Sărățel, com. Sieu-Măgheruș, Calea Teraplast nr. 1 județ Bistrița-Năsăud",google/gemini-2.0-flash-001,success
2007,9. CG.pdf,CERTIFICAT_GARANTIE,0.98,filename+text_agree,completed,OK,,"Tevi si Fitinguri PVC, PP, PE, PEX, Tuburi PVC si PE protectie cabluri, Camine si accesorii din PE, Rezervoare pentru lichide din PE, Microstatii epurare si separatoare grasimi, Granule",2 ani de la receptie,TERAPLAST SA,"Str. Industriei nr. 3, Bistrita, Bistrita-Nasaud",google/gemini-2.0-flash-001,success
2008,CC-01740.1 PE typ 2.pdf,DECLARATIE_CONFORMITATE,0.98,filename+text_agree,completed,OK,TERAPLAST SA,ȚEVI “POLITUB” MULTISTRAT DIN POLIETILENA (strat interior/exterior PE 100RC si strat exterior/interior PE 100),19.02.2029,TERAPLAST SA,"Str. Industriei nr. 3, Bistrita, Bistrita-Nasaud",google/gemini-2.0-flash-001,success
2009,DOC001.pdf,AUTORIZATIE_DISTRIBUTIE,0.85,text_rules,completed,OK,TERAPLAST SA,Produse diverse (autorizatie generala),Pe durata contractului,TERAPLAST SA,"Str. Industriei nr. 3, Bistrita, Bistrita-Nasaud",google/gemini-2.0-flash-001,success
2010,11. ISO 9001.pdf,ISO,0.99,filename+text_agree,completed,OK,ZAKPREST CONSTRUCT SRL,,14.02.2027,,"Str. Industriei nr. 3, Bistrita, Bistrita-Nasaud",google/gemini-2.0-flash-001,success
2011,12. ISO 14001.pdf,ISO,0.99,filename+text_agree,completed,OK,ZAKPREST CONSTRUCT SRL,,14.02.2027,,"Str. Industriei nr. 3, Bistrita, Bistrita-Nasaud",google/gemini-2.0-flash-001,success
2012,13. ISO 45001.pdf,ISO,0.99,filename+text_agree,completed,OK,ZAKPREST CONSTRUCT SRL,,14.02.2027,,"Str. Industriei nr. 3, Bistrita, Bistrita-Nasaud",google/gemini-2.0-flash-001,success
2013,14. ISO 50001.pdf,ISO,0.99,filename+text_agree,completed,OK,ZAKPREST CONSTRUCT SRL,,03.04.2026,,"Str. Industriei nr. 3, Bistrita, Bistrita-Nasaud",google/gemini-2.0-flash-001,success
2014,15. DC.pdf,DECLARATIE_CONFORMITATE,0.98,filename+text_agree,completed,OK,ZAKPREST CONSTRUCT SRL,produse pentru construcții,,,in Bucuresti str,google/gemini-2.0-flash-001,success
2015,Agrement tehnic  003 05 1279 2025 Saint Gobain.pdf,,,,failed,OK,,,,,,,failed
2016,Autorizatie de distributie - furnizor Petrouzinex - producator Saint Gobain - semnat.pdf,AUTORIZATIE_DISTRIBUTIE,0.98,filename+text_agree,completed,OK,VALROM INDUSTRIE SRL,"țevi și fitinguri, vane, capace și grătare stradale din fontă ductilă",18.02.2026,SAINT-GOBAIN PAM Canalisation,"21, avenue Camille Cavallier - BP 129, PONT-A-MOUSSON, Franța",google/gemini-2.0-flash-001,success
2017,Aviz sanitar fitinguri si armaturi.pdf,AVIZ_SANITAR,0.99,filename_regex,completed,OK,VALROM INDUSTRIE SRL,"Fitinguri din fontă ductilă, cu flanșe și/sau mufe gama: NATURAL DN 60-1200 mm, ISOPAM DN 100-300 mm, KLIKSO DN 63-225 mm, KAMELEO DN 80-150 mm, BLUTOP DN 75-160 mm, vane de sectionare (vane cu sertar, vane fluture), de bransament, de protecție a rețelei (de aerisire, reglare, siguranță), piese de",,SAINT - GOBAIN PAM CANALISATION,"21 Camille Cavallier, 54705, Pont-ă-Mousson, Franța",google/gemini-2.0-flash-001,success
2018,Aviz sanitar teava fonta.pdf,AVIZ_SANITAR,0.99,filename_regex,completed,OK,VALROM INDUSTRIE SRL,"Tuburi cu mufă din fontă ductilă gama: NATURAL DN 60-1000 mm, CLASIC DN 700-2000 mm, HYDROCLASS DN 100-1600 mm, STANDARD TTPE DN 80-700mm, STANDARD TT PUX DN 100-600 mm, STANDARD TT ZMU DN 100-700 mm, cu protectie interioara din mortar de ciment tip CEM III/B32,5 N-LH",,SAINT - GOBAIN PAM CANALISATION,"21 Camille Cavallier, 54705, Pont-ă-Mousson, Franța",google/gemini-2.0-flash-001,success
2019,Aviz tehnic Saint Gobain 003 05 1279 2025.pdf,AVIZ_TEHNIC,0.90,filename_wins,completed,OK,CONSILIUL TEHNIC PERMANENT PENTRU CONSTRUCȚII,Tuburi și fitinguri din fontă ductilă pentru sisteme de alimentare cu apă,24.04.2027,SAINT-GOBAIN PAM Canalisation,"54705 PONT-A-MOUSSON CEDEX, Franta",google/gemini-2.0-flash-001,success
2020,Certificat ISO 9001_valabil 2029 SEMNAT.pdf,ISO,0.99,filename+text_agree,completed,OK,SAINT GOBAIN PAM CANALISATION,,27.01.2029,,21 AVE CAMILLE CAVALLIER 54705 PONT A MOUSSON CEDEX FRANCE,google/gemini-2.0-flash-001,success
2021,Cot 45 cu mufe Standard_PECB.pdf,FISA_TEHNICA,0.70,filename_regex,completed,OK,,Cot 45° cu mufe Standard DN60-2000 (PECB),,,,google/gemini-2.0-flash-001,partial
2022,Garnitura Standard DN60-2000mm_2024.pdf,FISA_TEHNICA,0.70,filename_regex,completed,OK,,Garnitura Standard pentru tevi si fitinguri DN60-2000,,Saint-Gobain PAM Canalisation,"21, avenue Camille Cavallier - BP 129 | 54705 PONT-A-MOUSSON CEDEX | FRANCE",google/gemini-2.0-flash-001,partial
2023,Garnitura STD VI DN 60-700 mm.pdf,FISA_TEHNICA,0.70,filename_regex,completed,OK,,Garnitura STD Vi pentru tevi Natural / HP si fitinguri Standard DN60-700,,NATURAL,,google/gemini-2.0-flash-001,partial
2024,ISO 14001 PETROUZINEX - comert + productie - semnat.pdf,ISO,0.99,filename+text_agree,completed,OK,VALROM INDUSTRIE SRL,,25.08.2028,,Str. Horia Closca Crisan,google/gemini-2.0-flash-001,success
2025,ISO 14001 Saint Gobain - semnat.pdf,ISO,0.99,filename+text_agree,completed,OK,SAINT-GOBAIN PAM CANALISATION,,28.03.2027,,"Usine de Pont à Mousson, 54700 PONT À MOUSSON, France",google/gemini-2.0-flash-001,success
2026,ISO 45001 PETROUZINEX - comert + productie - semnat.pdf,ISO,0.99,filename+text_agree,completed,OK,VALROM INDUSTRIE SRL,,25.08.2028,,SoS eae Reg No. 091/R-129,google/gemini-2.0-flash-001,success
2027,ISO 9001 PETROUZINEX - comert + productie - semnat.pdf,ISO,0.99,filename+text_agree,completed,OK,VALROM INDUSTRIE SRL,,25.08.2028,,"Bd.General Nicolae Dăscălescu, Nr. 261, Loc. Piatra Neamt, Județul Neamt, Romania",google/gemini-2.0-flash-001,success
2028,MODEL - declaratie de conformitate si certificat de garantie   - semnat.pdf,DECLARATIE_CONFORMITATE,0.98,filename+text_agree,completed,OK,VALROM INDUSTRIE SRL,,,VALROM INDUSTRIE SRL,"Piatra-Neamt,Str.BulevardulGeneral Nicolae Dascalescu 261 Judetul:Neamt",google/gemini-2.0-flash-001,success
2029,Teava NATURAL_Bioz Standard DN 60-1000_2024_REV1.pdf,FISA_TEHNICA,0.70,filename_regex,completed,OK,,Teava NATURAL BioZinalium DN60 - 1000 cu mufa STANDARD,,Saint-Gobain PAM Canalisation,"21, avenue Camille Cavallier - BP 129 | 54705 PONT-A-MOUSSON CEDEX | FRANCE",google/gemini-2.0-flash-001,partial
2030,Catalog teava fara sudura producator LUZHENG - semnat.pdf,FISA_TEHNICA,0.98,filename+text_agree,completed,OK,,"Țeavă magistrală PSL1&PSL2
Țeavă magistrală pentru servicii cu sulf
Țevi de foraj (tubing)
ȚEVI DIN OȚEL NEGRU FĂRĂ SUDURĂ
ȚEVI FĂRĂ SUDURĂ DIN OȚEL CARBON
ȚEVI FĂRĂ SUDURĂ DIN OȚEL CARBON
ȚEVI FĂRĂ SUDURĂ DIN OȚEL CARBON MEDIU
ȚEVI FĂRĂ SUDURĂ DIN OȚEL ALIAT FERITIC ȘI AUSTENITIC
ȚEVI DIN OȚEL",,"Shandong Luxing Steel Pipe Co., Ltd.","959 Luxing Road, Qingzhou City, Shandong",google/gemini-2.0-flash-001,success
2031,Certificat CE PED 2014-68-EU teava fara sudura producator LUZHENG - semnat.pdf,CE,0.95,filename_regex,completed,OK,VALROM INDUSTRIE SRL,țevile fără sudură din oțeluri feritice,26.04.2026,"WEIFANG LUZHENG INDUSTRY AND TRADE CO., LTD.","Yongjia County, Wenzhou City, Zhejiang Province, China",google/gemini-2.0-flash-001,success
2032,ISO 14001 PETROUZINEX - comert + productie - semnat.pdf,ISO,0.99,filename+text_agree,completed,OK,VALROM INDUSTRIE SRL,,25.08.2028,,Str. Horia Closca Crisan,google/gemini-2.0-flash-001,success
2033,ISO 45001 PETROUZINEX - comert + productie - semnat.pdf,ISO,0.99,filename+text_agree,completed,OK,VALROM INDUSTRIE SRL,,25.08.2028,,SoS eae Reg No. 091/R-129,google/gemini-2.0-flash-001,success
2034,ISO 9001 PETROUZINEX - comert + productie - semnat.pdf,ISO,0.99,filename+text_agree,completed,OK,VALROM INDUSTRIE SRL,,25.08.2028,,"Bd.General Nicolae Dăscălescu, Nr. 261, Loc. Piatra Neamt, Județul Neamt, Romania",google/gemini-2.0-flash-001,success
2035,ISO 9001 WEIFANG.pdf,ISO,0.99,filename+text_agree,completed,OK,"WEIFANG LUZHENG INDUSTRY AND TRADE CO.,LTD.",,12.12.2028,,"No.13-14,C District,Zhongrui Iron and Steel Logistic Park,Qingzhou City,WeifangCity/ 262500,Shandong Province,P.R.China",google/gemini-2.0-flash-001,success
2036,MODEL - Declaratie de Conformitate si Certificat de Garantie semnat.pdf,DECLARATIE_CONFORMITATE,0.95,filename_regex,completed,OK,VALROM INDUSTRIE SRL,,,,"Piatra-Neamt, Str.Bulevardul General Nicolae Dascalescu , Nr.261 Judetul: Neamt",google/gemini-2.0-flash-001,success
2037,Model certificat 3.1.pdf,CERTIFICAT_CALITATE,0.95,ai,completed,OK,VALROM INDUSTRIE SRL,"teava trasa 168,3x4mm",,Weifang Luzheng Industry and Trade Co ltd,,google/gemini-2.0-flash-001,success
2038,2. Licenta.pdf,CERTIFICAT_CALITATE,0.95,ai,completed,OK,TERAPLAST SA,"TUBURI SI ACCESORII DIN BETON: SIMPLU, BETON SLAB ARMAT, BETON ARMAT - TUBURI. 500, 600, 1000, 1250, 1500, 2000; REDUCTIE TRONCO 42) 1000; 800mm; 800/ 800mm si gura de scurgere DN 500 mm",,,,google/gemini-2.0-flash-001,success
2039,3. Declaratie de conformitate.pdf,DECLARATIE_CONFORMITATE,0.95,filename_regex,completed,OK,PRECON,"TUBURI ȘI ACCESORII DIN BETON SIMPLU 0500 ; 8600 ; 0800 ; O 1000 ; O 1250; 91500 ; REDUCTIE TRONCONICĂ @ 1000/ 0800 ; GURĂ SCURGERE DN 500mm
CAMINE DE VIZITARE ȘI CÂMINE DE RACORD SAU INSPECTIE DIN BETON SIMPLU",,VALROM INDUSTRIE SRL,"Sos. Giurgiului nr. 5, Județul Ilfov „cod postal 077120,",google/gemini-2.0-flash-001,success
2040,4. Certificat de garantie.pdf,CERTIFICAT_GARANTIE,0.90,filename_regex,completed,OK,VALROM INDUSTRIE SRL,produsele,"24 luni, de la data livrării",VALROM INDUSTRIE SRL,"Comuna Jilava, Sos. Giurgiului nr. 5, Județul Ilfov, cod poștal 077120",google/gemini-2.0-flash-001,success
2041,5. Instructiuni de manipulare si montaj.pdf,ALTELE,0.95,ai,completed,OK,VALROM INDUSTRIE SRL,TUBURI DIN BETON SI CAMINE DE VIZITARE,,,"calea ferată sau alte mijloace adecvate. Aşezarea se face pe reazeme speciale din lemn, asigurate",google/gemini-2.0-flash-001,success
2042,"CERTIFICAT DE CONFORMITATE tuburi,camine circulare si rectangulare 2028.pdf",DECLARATIE_CONFORMITATE,0.98,filename+text_agree,completed,OK,VALROM INDUSTRIE SRL,"TUBURI Si ACCESORI DIN BETON SIMPLU, BETON SLAB ARMAT, BETON ARMAT- TUBURI 2 500, @ 600, @ 800, 3 1000, @ 1250, B 1500, a 2000, REDUCTIE TRONCONICA 8 1000/ @ 800mm: @ 800/ @ 600mm si gura de scurgere DN 500 mm
CAMINE DE VIZITARE SI CAMINE DE RACORD DIN BETON SIMPLU, BETON SLAB ARMAT, BETON ARMAT",,VALROM INDUSTRIE SRL,"Soseaua Giurgiului, nr.5, Jilava, Jud. Ilfov",google/gemini-2.0-flash-001,success
2043,Certificate SIM 2028.pdf,ISO,0.99,text_rules,completed,OK,VALROM INDUSTRIE SRL,,07.04.2028,,"România, Comuna Jilava, Șoseaua Giurgiului, nr. 5, Județul Ilfov",google/gemini-2.0-flash-001,success
2044,CERTIFICATE IRD BOMA DE SISTEM VIZA 2025.pdf,ISO,0.83,text_rules,completed,OK,BOMA PREFABRICATE SRL,,13.09.2028,,"Str. Uzinei nr. 1, Valcea",google/gemini-2.0-flash-001,success
2045,CERTIFICATE IRD Bomade PRODUS  viza 2025.pdf,DECLARATIE_CONFORMITATE,0.85,text_rules,completed,OK,IRD CERTIFICARE,"PRODUSE PREFABRICATE DIN BETON. CAMINE DE VANE
BAZINE CILINDRICE PENTW STATII DE POMPARE",,BOMA PREFABRICATE SRL,"Str. Uzinei nr. 1, Valcea",google/gemini-2.0-flash-001,success
2046,fisa tehnica Elemente pentru camine 1000 mm-INELE.pdf,FISA_TEHNICA,0.90,filename_regex,completed,OK,BOMA PREFABRICATE SRL,INELE PENTRU CĂMINE,,BOMA PREFABRICATE SRL,"Str. Industriei nr. 3, Bistrita, Bistrita-Nasaud",google/gemini-2.0-flash-001,success
2047,Aviz tehnic si Agrement tehnic _Boma.pdf,AGREMENT,0.99,filename+text_agree,completed,OK,BOMA PREFABRICATE SRL,PROCEDEU DE REALIZARE AL ELEMENTELOR PREFABRICATE DIN BETON VIBRO-PRESAT,29.01.2028,BOMA PREFABRICATE SRL,"Localitatea Strejnicu, DN 1A, km 62+200, judetul Prahova",google/gemini-2.0-flash-001,success
2048,CERT BOMA SISTEM RC 2025.pdf,ISO,0.83,text_rules,completed,OK,BOMA PREFABRICATE SRL,,13.09.2028,,"Str. Uzinei nr. 1, Valcea",google/gemini-2.0-flash-001,success
2049,DC-Placa+capac.pdf,DECLARATIE_PERFORMANTA,0.97,text_rules,completed,OK,BOMA PREFABRICATE SRL,"ELEMENTE PENTRU CAMINE DIN BETON, placi de acoperire din beton armat: rama rectangulara cu capac de fonta inglobat total",12.06.2020,BOMA PREFABRICATE SRL,"Str. Industriei nr. 3, Bistrita, Bistrita-Nasaud",google/gemini-2.0-flash-001,success
2050,DP - Inel D1000x1000.pdf,DECLARATIE_PERFORMANTA,0.99,filename+text_agree,completed,OK,BOMA PREFABRICATE SRL,"ELEMENTE PENTRU CĂMINE DIN BETON SIMPLU, inel pentru cămin, Diametru interior / Ȋnălțime / Grosime 1000 / 1000 / 120",12.06.2020,BOMA PREFABRICATE SRL,"Str. Industriei nr. 3, Bistrita, Bistrita-Nasaud",google/gemini-2.0-flash-001,success
2051,DP-Inel D1000x250.pdf,DECLARATIE_PERFORMANTA,0.99,filename+text_agree,completed,OK,BOMA PREFABRICATE SRL,"ELEMENTE PENTRU CĂMINE DIN BETON SIMPLU, inel pentru cămin D1000x250",12.06.2020,BOMA PREFABRICATE SRL,"Str. Industriei nr. 3, Bistrita, Bistrita-Nasaud",google/gemini-2.0-flash-001,success
2052,DP-Inel D1000x500.pdf,DECLARATIE_PERFORMANTA,0.99,filename+text_agree,completed,OK,BOMA PREFABRICATE SRL,"Elemente pentru cămine din beton simplu, inel pentru cămin D1000x500",12.06.2020,BOMA PREFABRICATE SRL,"Str. Industriei nr. 3, Bistrita, Bistrita-Nasaud",google/gemini-2.0-flash-001,success
2053,DP-Inel D1000x750.pdf,DECLARATIE_PERFORMANTA,0.99,filename+text_agree,completed,OK,BOMA PREFABRICATE SRL,Inel pentru cămin D1000x750,12.06.2020,BOMA PREFABRICATE SRL,"Str. Industriei nr. 3, Bistrita, Bistrita-Nasaud",google/gemini-2.0-flash-001,success
2054,Fise tehnice si declaratii de performanta _Boma.pdf,,,,failed,OK,,,,,,,failed
2055,FT-Inel D1000x1000.pdf,FISA_TEHNICA,0.90,filename_regex,completed,OK,BOMA PREFABRICATE SRL,Inele pentru cămine,,BOMA PREFABRICATE SRL,"Str. Industriei nr. 3, Bistrita, Bistrita-Nasaud",google/gemini-2.0-flash-001,success
2056,FT-Inel D1000x250.pdf,FISA_TEHNICA,0.90,filename_regex,completed,OK,BOMA PREFABRICATE SRL,INELE PENTRU CĂMINE,,BOMA PREFABRICATE SRL,"Str. Industriei nr. 3, Bistrita, Bistrita-Nasaud",google/gemini-2.0-flash-001,success
2057,FT-Inel D1000x500.pdf,FISA_TEHNICA,0.90,filename_regex,completed,OK,BOMA PREFABRICATE SRL,INELE PENTRU CĂMINE,,BOMA PREFABRICATE SRL,"Str. Industriei nr. 3, Bistrita, Bistrita-Nasaud",google/gemini-2.0-flash-001,success
2058,FT-Inel D1000x750.pdf,FISA_TEHNICA,0.90,filename_regex,completed,OK,BOMA PREFABRICATE SRL,INELE PENTRU CĂMINE,,BOMA PREFABRICATE SRL,"Str. Industriei nr. 3, Bistrita, Bistrita-Nasaud",google/gemini-2.0-flash-001,success
2059,FT-Placa+capac.pdf,FISA_TEHNICA,0.98,filename+text_agree,completed,OK,BOMA PREFABRICATE SRL,PLACI DE ACOPERIRE DIN ELEMENTE PENTRU BETON ARMAT CAMINE (CAPAC CAROSABIL RECTANGULAR),,BOMA PREFABRICATE SRL,"Str. Industriei nr. 3, Bistrita, Bistrita-Nasaud",google/gemini-2.0-flash-001,success
2060,1. Fisa tehnica.pdf,FISA_TEHNICA,0.90,filename_regex,completed,OK,,Casing End Seals,,4 pipes GmbH,Sigmundstraße 182 • 90431 Nürnberg • Germany,google/gemini-2.0-flash-001,success
2061,2. Test Report.pdf,CERTIFICAT_CALITATE,0.90,filename_regex,completed,OK,4pipesGmbH,Casing end seal type AKTI AWM IAST,,4pipesGmbH,,google/gemini-2.0-flash-001,success
2062,3. Instructiuni montaj.pdf,ALTELE,0.30,fallback,completed,OK,4 pipes GmbH,End seals AKT/AWM,,,,google/gemini-2.0-flash-001,failed
2063,4. I.SO_4pipes_GB_9001.pdf,ISO,0.99,text_rules,completed,OK,4 pipes GmbH,,14.09.2024,,Sigmundstraße 182 90431 Nürnberg,google/gemini-2.0-flash-001,success
2064,5.ISO_4pipes_GB_14001.pdf,ISO,0.99,text_rules,completed,OK,4 pipes GmbH,,14.09.2024,,Sigmundstraße 182 90431 Nürnberg,google/gemini-2.0-flash-001,success
2065,AGT.pdf,AGREMENT,0.98,filename+text_agree,completed,OK,VALROM INDUSTRIE SRL,Presetupe și accesorii pentru etanșarea traversărilor de conducte și cabluri prin elemente de construcție,19.06.2028,PSI PRODUCTS GmbH,"Ulrichstrasse 25 72116 Mössingen, Germania",google/gemini-2.0-flash-001,success
2066,AVT.pdf,AVIZ_TEHNIC,0.90,filename_wins,completed,OK,TERAPLAST SA,Presetupe și accesorii pentru etanșarea traversărilor de conducte și cabluri prin elemente de construcție,19.06.2027,PSI PRODUCTS GmbH,"Urlichstrasse 25, 72116 Mâssingen Germania",google/gemini-2.0-flash-001,success
2067,CERTIFICAT CONFORMITATE.pdf,CERTIFICAT_CALITATE,0.95,ai,completed,OK,PSI Products GmbH,PSI EndiT KT Casing End Seal,,PSI Products GmbH,,google/gemini-2.0-flash-001,success
2068,FISA TEHNICA LINK SEAL.pdf,FISA_TEHNICA,0.90,filename_regex,completed,OK,,LINK SEAL,,PROEXTOP,"Via Valsir 2, Villanuova sul Clisi, Italy",google/gemini-2.0-flash-001,success
2069,Instructiuni de instalare LS RO.pdf,ALTELE,0.95,ai,completed,OK,PSI Products GmbH,Link-Seal® Modular Seals,,,,google/gemini-2.0-flash-001,success
2070,ISO 9001 - 14001.pdf,ISO,0.99,filename+text_agree,completed,OK,VALROM INDUSTRIE SRL,,12.11.2027,,infomurstectiticalt ro,google/gemini-2.0-flash-001,success
2071,ISO-9001.pdf,ISO,0.99,filename+text_agree,completed,OK,PSI Products GmbH,,21.07.2028,,Ulrichstraße 25 72116 Mössingen Germany,google/gemini-2.0-flash-001,success
2072,proextop-catalog-burdufuri-etansare-conducte.pdf,FISA_TEHNICA,0.98,filename+text_agree,completed,OK,,Burduf de Etanșare MULTIDIMENSIONAL tip KT,,PROEXTOP,"Via Valsir 2, Villanuova sul Clisi, Italy",google/gemini-2.0-flash-001,success
2073,proextop-catalog-distantieri-izolatori-plastic.pdf,FISA_TEHNICA,0.98,filename+text_agree,completed,OK,TERAPLAST SA,Izolatori/Distanțiere din Plastic PSI,,PSI Products GmbH,Ulrichstraße 25 · D-72116 Mössingen,google/gemini-2.0-flash-001,success
2074,proextop-catalog-piese-etansare-compact.pdf,FISA_TEHNICA,0.98,filename+text_agree,completed,OK,,Piese PSI Compact de etanșare,,PROEXTOP,"Via Valsir 2, Villanuova sul Clisi, Italy",google/gemini-2.0-flash-001,success
2075,1. FT.pdf,FISA_TEHNICA,0.90,filename_regex,completed,OK,,Robinet cu sertar cauciucat DIN3352 F4/F5,,,,google/gemini-2.0-flash-001,success
2076,1.1 FT.pdf,FISA_TEHNICA,0.90,filename_regex,completed,OK,,ROBINET SERTAR CAUCIUCAT CU TIJA NEASCENDENTA DN40--ON600 DIN 5352,,,,google/gemini-2.0-flash-001,success
2077,10. ISO14001 & ISO45001 Tianjin.pdf,ISO,0.95,filename_regex,completed,OK,ZHEJIANG HUAYANG PIPELINE INDUSTRY CO LTD,,19.05.2028,,"Yongjia County, Wenzhou City, Zhejiang Province, China",google/gemini-2.0-flash-001,success
2078,2. DC.pdf,DECLARATIE_CONFORMITATE,0.95,filename_wins,completed,OK,,Robineti cu sertar cauciucat,,"TIANJIN KEFA VALVE CO.,LTD","YUZHUANGCUN, HUJIAYUANJIE, TANGGU, TIANJIN, CHINA, 300452",google/gemini-2.0-flash-001,success
2079,3. DOP.pdf,DECLARATIE_PERFORMANTA,0.95,filename_wins,completed,OK,,"Robinet cu sertar cauciucat EPDM, F4/FS, PNl0/16 DN40-DN1200 corp din fonta ductila",,"TIANJIN KEFA VALVE CO.,LTD","yuzhuang village,hujiayuan street, tanggu,t ianjin,china",google/gemini-2.0-flash-001,success
2080,4. DC.pdf,DECLARATIE_CONFORMITATE,0.98,filename+text_agree,completed,OK,VALROM INDUSTRIE SRL,,,,"Piatra-Neamt,Str.BulevardulGeneral Nicolae Dascalescu 261 Judetul:Neamt",google/gemini-2.0-flash-001,success
2081,5. C 3.1.pdf,CERTIFICAT_CALITATE,0.90,filename_wins,completed,OK,VALROM INDUSTRIE SRL,Robinet cu sertar cauciucat PN16 DN80,,ZHEJIANG HUAYANG PIPELINE INDUSTRY CO LTD,,google/gemini-2.0-flash-001,success
2082,6. AS.pdf,AVIZ_SANITAR,0.99,filename_regex,completed,OK,VALROM INDUSTRIE SRL,"Robineti cu sertar, reținere, aerisire/dezaerisire, închidere, clapă fluture și bilă",,"Tianjin KEFA Valve Co.,Ltd.","Yuzhuangzi Village, Hujiayuan Street, Binhai New Area, Tanggu, Tianjin",google/gemini-2.0-flash-001,success
2083,7. AUTORIZATIE.pdf,AUTORIZATIE_DISTRIBUTIE,0.90,filename_regex,completed,OK,,robineti si fitinguri,,ZHEJIANG HUAYANG PIPELINE INDUSTRY CO LTD,"yuzhuang village,hujiayuan street,tanggu,tianjin,China",google/gemini-2.0-flash-001,success
2084,8. CC.pdf,CERTIFICAT_CALITATE,0.90,filename_wins,completed,OK,ZHEJIANG HUAYANG PIPELINE INDUSTRY CO LTD,"Robineti cu clapa fluture, Robineti de retinere, Robineti cu sertar, Robineti cu bila si Filtre",,ZHEJIANG HUAYANG PIPELINE INDUSTRY CO LTD,sediu social:,google/gemini-2.0-flash-001,success
2085,9. ISO 9001 Tianjin.pdf,ISO,0.99,filename+text_agree,completed,OK,ZHEJIANG HUAYANG PIPELINE INDUSTRY CO LTD,,22.08.2026,,"Yongjia County, Wenzhou City, Zhejiang Province, China",google/gemini-2.0-flash-001,success
2086,Certificat de excludere de la marcajul CE Compensatori de montaj producator Tianjin KEFA Valve Co.Ltd.pdf,CE,0.99,filename+text_agree,completed,OK,,Dismantling Joint PN10/16 DN40-2000,,"TIANJIN KEFA VALVE CO.,LTD","yuzhuang village,hujiayuan street,tanggu,tianjin,china",google/gemini-2.0-flash-001,success
2087,1. FT.pdf,FISA_TEHNICA,0.90,filename_regex,completed,OK,,ROBINET CU SERTAR CAUCIUCAT DIN3352 F4/F5,,,,google/gemini-2.0-flash-001,success
2088,1.1 FT.pdf,FISA_TEHNICA,0.90,filename_regex,completed,OK,,ROBINET SERTAR CAUCIUCAT CU TIJA NEASCENDENTA DN40--ON600 DIN 5352,,,,google/gemini-2.0-flash-001,success
2089,11. ISO 9001 PETROUZINEX.pdf,ISO,0.99,filename+text_agree,completed,OK,VALROM INDUSTRIE SRL,,25.08.2028,,"Bd.General Nicolae Dăscălescu, Nr. 261, Loc. Piatra Neamt, Județul Neamt, Romania",google/gemini-2.0-flash-001,success
2090,12. ISO 14001 PETROUZINEX.pdf,ISO,0.99,filename+text_agree,completed,OK,VALROM INDUSTRIE SRL,,25.08.2028,,"Bd.General Nicolae Dăscălescu, Nr. 261, Loc. Piatra Neamt, Județul Neamt, România",google/gemini-2.0-flash-001,success
2091,13. ISO 45001 PETROUZINEX.pdf,ISO,0.99,filename+text_agree,completed,OK,VALROM INDUSTRIE SRL,,25.08.2028,,SoS eae Reg No. 091/R-129,google/gemini-2.0-flash-001,success
2092,4. DC.pdf,DECLARATIE_CONFORMITATE,0.98,filename+text_agree,completed,OK,VALROM INDUSTRIE SRL,produsele de mai jos,,VALROM INDUSTRIE SRL,"Piatra-Neamt,Str.BulevardulGeneral Nicolae Dascalescu 261 Judetul:Neamt",google/gemini-2.0-flash-001,success
2093,6. AS.pdf,AVIZ_SANITAR,0.99,filename_regex,completed,OK,VALROM INDUSTRIE SRL,"Robineti cu sertar, reținere, aerisire/dezaerisire, închidere, clapă fluture și bilă",,"Tianjin KEFA Valve Co.,Ltd.","Yuzhuangzi Village, Hujiayuan Street, Binhai New Area, Tanggu, Tianjin",google/gemini-2.0-flash-001,success
2094,Agrement+ Aviz Tehnic Vane Stavilar Petrouzinex - semnat.pdf,AGREMENT,0.95,filename_wins,completed,OK,VALROM INDUSTRIE SRL,VANE STAVILAR,21.11.2027,VALROM INDUSTRIE SRL,"Str. Industriei nr. 3, Bistrita, Bistrita-Nasaud",google/gemini-2.0-flash-001,success
2095,Innotech Valves 14001.pdf,ISO,0.99,filename+text_agree,completed,OK,INNOTECH VALVES SRL,,22.01.2027,,"Str. Industriei nr. 3, Bistrita, Bistrita-Nasaud",google/gemini-2.0-flash-001,success
2096,Innotech Valves 9001.pdf,ISO,0.99,filename+text_agree,completed,OK,INNOTECH VALVES SRL,,22.01.2027,,"Str. Industriei nr. 3, Bistrita, Bistrita-Nasaud",google/gemini-2.0-flash-001,success
2097,CE BBK  Valve Group - traducere .pdf,CE,0.95,filename_regex,completed,OK,EUROCERT SA,"Robinete industriale, Filtru Y, Compensatori cu tiranti",14.09.2026,ZHEJIANG HUAYANG PIPELINE INDUSTRY CO LTD,"603, No.99 YuShan Road, SuZhou, China",google/gemini-2.0-flash-001,success
2098,CE-BBK Valve Group .pdf,CE,0.98,filename+text_agree,completed,OK,EUROCERT SA,"Industrial Valves, Y Strainer, Dismanlting Joint",14.09.2026,ZHEJIANG HUAYANG PIPELINE INDUSTRY CO LTD,"603, No.99 YuShan Road, SuZhou, China",google/gemini-2.0-flash-001,success
2099,FISA TEHNICA RSP CPC EN.pdf,FISA_TEHNICA,0.90,filename_wins,completed,OK,,Resilient Seated Gate Valves DN50/300 PN10/16 TYPE F4/F5 (EN558 S14/S15),,RELIABLE INDUSTRIAL,,google/gemini-2.0-flash-001,success
2100,ISO 9001 traducere BBK.pdf,ISO,0.99,filename+text_agree,completed,OK,"TIANJIN BBK VALVE MANUFACTURE CO., LTD",,04.05.2025,,"Str. Industriei nr. 3, Bistrita, Bistrita-Nasaud",google/gemini-2.0-flash-001,success
2101,ISO 9001-de revizuit.pdf,ISO,0.99,filename+text_agree,completed,OK,"TIANJIN BBK VALVE MANUFACTURE CO., LTD.",,04.05.2025,,"Str. Industriei nr. 3, Bistrita, Bistrita-Nasaud",google/gemini-2.0-flash-001,success
2102,ISOÂ 9001Â EN.pdf,ISO,0.99,text_rules,completed,OK,"Dalian Reliable Metal Co., Ltd.",,12.11.2028,,"Yongjia County, Wenzhou City, Zhejiang Province, China",google/gemini-2.0-flash-001,success
2103,1.1 FT.pdf,FISA_TEHNICA,0.90,filename_regex,completed,OK,,Tirant delimitare Otel carbon,,,,google/gemini-2.0-flash-001,success
2104,1.FT.pdf,FISA_TEHNICA,0.90,filename_regex,completed,OK,,Doulole flo.ngecl Dlsr10.ntlln9 Jo.lnts,,,,google/gemini-2.0-flash-001,success
2105,10. ISO14001 & ISO45001 Tianjin.pdf,ISO,0.95,filename_regex,completed,OK,ZHEJIANG HUAYANG PIPELINE INDUSTRY CO LTD,,19.05.2028,,"Yongjia County, Wenzhou City, Zhejiang Province, China",google/gemini-2.0-flash-001,success
2106,2. DC.pdf,DECLARATIE_CONFORMITATE,0.95,filename_wins,completed,OK,ZHEJIANG HUAYANG PIPELINE INDUSTRY CO LTD,Dismantling Joint PN10/16 DN40-2000,,ZHEJIANG HUAYANG PIPELINE INDUSTRY CO LTD,"yuzhuang village,hujiayuan street,tanggu,tianjin,china",google/gemini-2.0-flash-001,success
2107,3. DOP.pdf,DECLARATIE_PERFORMANTA,0.95,filename_wins,completed,OK,,Dismantling joint PN10/16 DN40-DN2000 made ductile iron / carbon steel,,"TIANJIN KEFA VALVE CO.,LTD","yuzhuang village, hujiayuan street,tanggu,tianjin,china",google/gemini-2.0-flash-001,success
2108,4. DC.pdf,DECLARATIE_CONFORMITATE,0.98,filename+text_agree,completed,OK,VALROM INDUSTRIE SRL,produsele de mai jos,,,"Piatra-Neamt,Str.BulevardulGeneral Nicolae Dascalescu 261 Judetul:Neamt",google/gemini-2.0-flash-001,success
2109,5. C 3.1.pdf,CERTIFICAT_CALITATE,0.90,filename_wins,completed,OK,VALROM INDUSTRIE SRL,Compensator cu tirant PN10 DN450,,"TIANJIN KEFA VALVE CO.,LTD",,google/gemini-2.0-flash-001,success
2110,6. AUTORIZATIE.pdf,AUTORIZATIE_DISTRIBUTIE,0.90,filename_regex,completed,OK,,robineti si fitinguri,,"TIANJIN KEFA VALVE CO.,LTD","yuzhuang village,hujiayuan street,tanggu,tianjin,china",google/gemini-2.0-flash-001,success
2111,7. AS.pdf,AVIZ_SANITAR,0.99,filename_regex,completed,OK,VALROM INDUSTRIE SRL,"Compensator de montaj cu tiranti PN10-PN16, DN50-DN1400",,"Tianjin KEFA Valve Co.,Ltd.","Yuzhuangzi Village, Hujiayuan Street, Binhai New Area, Tanggu, Tianjin",google/gemini-2.0-flash-001,success
2112,8. CC.pdf,CERTIFICAT_CALITATE,0.90,filename_wins,completed,OK,ZHEJIANG HUAYANG PIPELINE INDUSTRY CO LTD,"Butterfly valves, Check Valves, Gate Valves, Ball Valve and Strainers",,ZHEJIANG HUAYANG PIPELINE INDUSTRY CO LTD,sediu social:,google/gemini-2.0-flash-001,success
2113,9. ISO 9001Tianjin.pdf,ISO,0.99,filename+text_agree,completed,OK,ZHEJIANG HUAYANG PIPELINE INDUSTRY CO LTD,,22.08.2026,,"Yongjia County, Wenzhou City, Zhejiang Province, China",google/gemini-2.0-flash-001,success
2114,FISA TEHNICA - Compensatori cu tiranti.pdf,FISA_TEHNICA,0.98,filename+text_agree,completed,OK,,Compensator de montaj cu tiranți BKDJ,,BBK VALVE Group Company Limited,"No. 99, YuShan Road, SND, SuZhou, China",google/gemini-2.0-flash-001,success
2115,11. ISO 9001 PETROUZINEX.pdf,ISO,0.99,filename+text_agree,completed,OK,VALROM INDUSTRIE SRL,,25.08.2028,,"Bd.General Nicolae Dăscălescu, Nr. 261, Loc. Piatra Neamt, Județul Neamt, Romania",google/gemini-2.0-flash-001,success
2116,12. ISO 14001 PETROUZINEX.pdf,ISO,0.99,filename+text_agree,completed,OK,VALROM INDUSTRIE SRL,,25.08.2028,,"Bd.General Nicolae Dăscălescu, Nr. 261, Loc. Piatra Neamt, Județul Neamt, România",google/gemini-2.0-flash-001,success
2117,13. ISO 45001 PETROUZINEX.pdf,ISO,0.99,filename+text_agree,completed,OK,VALROM INDUSTRIE SRL,,25.08.2028,,SoS eae Reg No. 091/R-129,google/gemini-2.0-flash-001,success
2118,1.1 FT.pdf,FISA_TEHNICA,0.90,filename_regex,completed,OK,,Compensator cu tiranti,,,,google/gemini-2.0-flash-001,success
2119,1.FT.pdf,FISA_TEHNICA,0.90,filename_regex,completed,OK,,Double flanged Dismantling Joints,,,,google/gemini-2.0-flash-001,success
2120,2. DC.pdf,DECLARATIE_CONFORMITATE,0.95,filename_wins,completed,OK,ZHEJIANG HUAYANG PIPELINE INDUSTRY CO LTD,Dismantling Joint PN10/16 DN40-2000,,ZHEJIANG HUAYANG PIPELINE INDUSTRY CO LTD,"Yongjia County, Wenzhou City, Zhejiang Province, China",google/gemini-2.0-flash-001,success
2121,3. DOP.pdf,DECLARATIE_PERFORMANTA,0.95,filename_wins,completed,OK,,Dismantling joint PN10/16 DN40-DN2000 made ductile iron / carbon steel,,"TIANJIN KEFA VALVE CO.,LTD","yuzhuang village, hujiayuan street,tanggu,tianjin,china",google/gemini-2.0-flash-001,success
2122,4. DC.pdf,DECLARATIE_CONFORMITATE,0.98,filename+text_agree,completed,OK,VALROM INDUSTRIE SRL,produsele de mai jos,,,"Piatra-Neamt,Str.BulevardulGeneral Nicolae Dascalescu 261 Judetul:Neamt",google/gemini-2.0-flash-001,success
2123,5. C 3.1.pdf,CERTIFICAT_CALITATE,0.90,filename_wins,completed,OK,VALROM INDUSTRIE SRL,Compensator cu tirant PN10 DN450,,"TIANJIN KEFA VALVE CO.,LTD",,google/gemini-2.0-flash-001,success
2124,6. AUTORIZATIE.pdf,AUTORIZATIE_DISTRIBUTIE,0.90,filename_regex,completed,OK,,robineti si fitinguri,,"TIANJIN KEFA VALVE CO.,LTD","yuzhuang village,hujiayuan street,tanggu,tianjin,China",google/gemini-2.0-flash-001,success
2125,7. AS.pdf,AVIZ_SANITAR,0.99,filename_regex,completed,OK,VALROM INDUSTRIE SRL,"Compensator de montaj cu tiranti PN10-PN16, DN50-DN1400",,"Tianjin KEFA Valve Co.,Ltd.","Yuzhuangzi Village, Hujiayuan Street, Binhai New Area, Tanggu, Tianjin",google/gemini-2.0-flash-001,success
2126,8. CC.pdf,CERTIFICAT_CALITATE,0.90,filename_wins,completed,OK,ZHEJIANG HUAYANG PIPELINE INDUSTRY CO LTD,"Butterfly valves, Check Valves, Gate Valves, Ball Valve and Strainers",,ZHEJIANG HUAYANG PIPELINE INDUSTRY CO LTD,sediu social:,google/gemini-2.0-flash-001,success
2127,265-910-001_avk905_rom__586086 (1).pdf,FISA_TEHNICA,0.80,text_rules,completed,OK,,"Compensator de montaj cu flanșă centrală, PN10/16 265/910-001",,AVK,,google/gemini-2.0-flash-001,success
2128,Agrement tehnic_Armaturi de inchidere_003-0151013-2023 expira la 27.02.2026_AVK.pdf,AGREMENT,0.99,filename+text_agree,completed,OK,Reprezentanta AVK International A/S,Armături de închidere pentru instalații de apă,27.02.2026,AVK INTERNATIONAL A/S,"Str. Uzinei nr. 1, Valcea",google/gemini-2.0-flash-001,success
2129,AT-003-05_1222-2025 compensatori montaj.pdf,,,,failed,OK,,,,,,,failed
2130,Aviz tehnic_Armaturi de inchidere apa_27.02.2025_AVK.pdf,AVIZ_TEHNIC_SI_AGREMENT,0.90,text_rules,completed,OK,PROCEMA CERCETARE SRL,ARMĂTURI DE INCHIDERE PENTRU INSTALAȚII DE APĂ,27.02.2025,"AVK INTERNATIONAL A/S, Danemarca",,google/gemini-2.0-flash-001,success
2131,AvT 003-05_1013-2023 ARMATURI INCHIDERE APA - prelungire.pdf,AVIZ_TEHNIC,0.95,filename_wins,completed,OK,,Armături de închidere pentru instalații de apă,27.02.2026,AVK INTERNATIONAL A/S,,google/gemini-2.0-flash-001,success
2132,Cuplaje_coliere_compensatori_fittinguri_AVK_aviz_sanitar.pdf,AVIZ_SANITAR,0.95,filename_regex,completed,OK,ZHEJIANG HUAYANG PIPELINE INDUSTRY CO LTD,"Cuplaje, adaptoare cu flanșă, coliere de reparație, compensatori de montaj AVK seriile: 05, 10, 100, 258, 259, 260, 265, 601, 602, 603, 621, 623, 631, 632, 633, 634, 635, 745, 749, 727, 730, 873, 800X; Fitinguri AVK seriile: 712, LOX Supa Lock și Filtru Y AVK seria: 910",,AVK TNTERNATTONAL A/S,"Str. Uzinei nr. 1, Valcea",google/gemini-2.0-flash-001,success
2133,Fisa tehnica - RF- Robinet fonta - cu sertar corp plat cu flanse - AVK (1).pdf,FISA_TEHNICA,0.90,filename_wins,completed,OK,,Robinet fonta - cu sertar corp plat cu flanse GSK PN10/16 (70˚),,AVK INTERNATIONAL A/S,,google/gemini-2.0-flash-001,success
2134,RO_ISO-14001-05980-2003-AE-DEN-DANAK-7-en-US-20240326-20240327100844.pdf.pdf,ISO,0.99,filename+text_agree,completed,OK,AVK International A/S,,31.03.2027,,"Str. Uzinei nr. 1, Valcea",google/gemini-2.0-flash-001,success
2135,RO_ISO-9001-05030-1998-AQ-DEN-DANAK-6-en-US-20240326-20240327100843.pdf.pdf,ISO,0.99,filename+text_agree,completed,OK,AVK International A/S,,31.03.2027,,"Str. Uzinei nr. 1, Valcea",google/gemini-2.0-flash-001,success
2136,Vane_sertar_AVK_aviz_sanitar.pdf,AVIZ_SANITAR,0.95,filename_regex,completed,OK,ZHEJIANG HUAYANG PIPELINE INDUSTRY CO LTD,"VANE SERTAR AVK seriile OL, O2, 06, L2, L45, L5, L8,20,2L,26,32,33,36, 38, 45, 50, 54, 55, 636, 538",17.03.2030,AVK INTERNATIONAL A/S,"Bizonvej L, Skovby, DK-8464 Galten",google/gemini-2.0-flash-001,success
2137,Documente FAM.pdf,CERTIFICAT_CALITATE,0.92,text_rules,completed,OK,INNOTECH VALVES SRL,Robinete și vanele cu sertar pentru instalatii de apă,22.01.2027,HENKEL AG,"Str. Industriei nr. 3, Bistrita, Bistrita-Nasaud",google/gemini-2.0-flash-001,success
2138,Explicatii Petrouzinex.pdf,ALTELE,0.85,ai,completed,OK,ECKON,tevi din otel,,,,google/gemini-2.0-flash-001,success
2139,24469 MTC-LSAW.pdf,CERTIFICAT_CALITATE,0.93,filename_regex,completed,OK,,LSAW STEEL PIPE API 5L PSL2,,ZHEJIANG HUAYANG PIPELINE INDUSTRY CO LTD,,google/gemini-2.0-flash-001,success
2140,3LPE TDS.pdf,CERTIFICAT_CALITATE,0.95,ai,completed,OK,ZHEJIANG HUAYANG PIPELINE INDUSTRY CO LTD,External 3LPE,,湖南佰仕达钢管有限公司,,google/gemini-2.0-flash-001,success
2141,Authorization Leter.pdf,AUTORIZATIE_DISTRIBUTIE,0.98,filename+text_agree,completed,OK,,"steel pipes and related products (Seamless, ERW, LSAW/SAWL, SSAW, line pipe and relevant accessories)",30.12.2026,ZHEJIANG HUAYANG PIPELINE INDUSTRY CO LTD,"No.9 Xiangfu Road, Changsha, Hunan, China",google/gemini-2.0-flash-001,success
2142,ISO14001.pdf,ISO,0.95,filename_regex,completed,OK,ZHEJIANG HUAYANG PIPELINE INDUSTRY CO LTD,,23.10.2028,,"Room 2205, 1st Building, Longchamp International Building, No.9 Xiangfu Middle Road, Yuhua District, Changsha City, Hunan Province",google/gemini-2.0-flash-001,success
2143,ISO45001.pdf,ISO,0.95,filename_regex,completed,OK,ZHEJIANG HUAYANG PIPELINE INDUSTRY CO LTD,,23.10.2028,,"Room 2205, 1st Building, Longchamp International Building, No.9 Xiangfu Middle Road, Yuhua District, Changsha City, Hunan Province",google/gemini-2.0-flash-001,success
2144,ISO9001.pdf,ISO,0.95,filename_regex,completed,OK,ZHEJIANG HUAYANG PIPELINE INDUSTRY CO LTD,,23.10.2028,,"Room 2205, 1st Building, Longchamp International Building, No.9 Xiangfu Middle Road, Yuhua District, Changsha City, Hunan Province",google/gemini-2.0-flash-001,success
2145,TITAN STEEL TRADING 9001.pdf,ISO,0.99,filename+text_agree,completed,OK,TITAN STEEL TRADING SRL,,09.11.2026,,"in: Splaiul Independentei, Nr. 202B, Cam. 42, Sectorul 6, Bucuresti",google/gemini-2.0-flash-001,success
2146,TITAN_STEEL_TRADING tevi curbate LSAW cu izolatie 17.01.2026 - 2.pdf,FISA_TEHNICA,0.90,text_rules,completed,OK,,Tuburi curbate (coturi) pentru conducte de transport produse petroliere,,TITAN STEEL TRADING SRL,"Splaiul Independenței nr. 202B, Sector 6, București, Romania",google/gemini-2.0-flash-001,success
2147,TITAN_STEEL_TRADING_Declaratie de conformitate TSG.pdf,DECLARATIE_CONFORMITATE,0.98,filename+text_agree,completed,OK,TITAN STEEL TRADING SRL,produsele cuprinse in factura fiscala MGR 111,,,"social : Splaiul Independenței nr. 202B, cam. 42, Sector 6, București ,inregistrata",google/gemini-2.0-flash-001,success
2148,TITAN_STEEL_TRADING_fisa tehnica tevi sudata LSAW cu izolatie HDPE 17.01.2026 - 2.pdf,FISA_TEHNICA,0.98,filename+text_agree,completed,OK,,"Țevi din oțel sudate longitudinal (LSAW), izolate exterior cu sistem HDPE / 3LPE conform ISO 21809-1",,TITAN STEEL TRADING SRL,"Bucharest, Splaiul Independentei no.202B, 060023, Romania",google/gemini-2.0-flash-001,success
2149,ä½°ä»è¾¾ CE 2030.11.4.pdf,CE,0.90,filename_regex,completed,OK,Ente Certificazione Macchine,STEEL PIPE,04.11.2030,ZHEJIANG HUAYANG PIPELINE INDUSTRY CO LTD,"Yongjia County, Wenzhou City, Zhejiang Province, China",google/gemini-2.0-flash-001,success
2150,Catalog teava fara sudura producator LUZHENG - semnat.pdf,FISA_TEHNICA,0.98,filename+text_agree,completed,OK,,Țevi din oțel fără sudură,,"Shandong Luxing Steel Pipe Co., Ltd.","959 Luxing Road, Qingzhou City, 262517 Shandong",google/gemini-2.0-flash-001,success
2151,Certificat CE PED 2014-68-EU teava fara sudura producator LUZHENG - semnat.pdf,CE,0.95,filename_regex,completed,OK,VALROM INDUSTRIE SRL,țevile fără sudură din oțeluri feritice,26.04.2026,"WEIFANG LUZHENG INDUSTRY AND TRADE CO., LTD.","Yongjia County, Wenzhou City, Zhejiang Province, China",google/gemini-2.0-flash-001,success
2152,ISO 14001 PETROUZINEX - comert + productie - semnat.pdf,ISO,0.99,filename+text_agree,completed,OK,VALROM INDUSTRIE SRL,,25.08.2028,,Str. Horia Closca Crisan,google/gemini-2.0-flash-001,success
2153,ISO 45001 PETROUZINEX - comert + productie - semnat.pdf,ISO,0.99,filename+text_agree,completed,OK,VALROM INDUSTRIE SRL,,25.08.2028,,SoS eae Reg No. 091/R-129,google/gemini-2.0-flash-001,success
2154,ISO 9001 PETROUZINEX - comert + productie - semnat.pdf,ISO,0.99,filename+text_agree,completed,OK,VALROM INDUSTRIE SRL,,25.08.2028,,"Bd.General Nicolae Dăscălescu, Nr. 261, Loc. Piatra Neamt, Județul Neamt, Romania",google/gemini-2.0-flash-001,success
2155,ISO 9001 WEIFANG.pdf,ISO,0.99,filename+text_agree,completed,OK,"WEIFANG LUZHENG INDUSTRY AND TRADE CO.,LTD.",,12.12.2028,,"No.13-14,C District,Zhongrui Iron and Steel Logistic Park,Qingzhou City,WeifangCity/ 262500,Shandong Province,P.R.China",google/gemini-2.0-flash-001,success
2156,MODEL - Declaratie de Conformitate si Certificat de Garantie semnat.pdf,DECLARATIE_CONFORMITATE,0.95,filename_regex,completed,OK,VALROM INDUSTRIE SRL,produsele de mai jos,,VALROM INDUSTRIE SRL,"Str.Bulevardul General Nicolae Dascalescu , Nr.261, Piatra-Neamt, Judetul Neamt",google/gemini-2.0-flash-001,success
2157,Model certificat 3.1.pdf,CERTIFICAT_CALITATE,0.95,ai,completed,OK,VALROM INDUSTRIE SRL,"Teava trasa 168,3x4mm",,Weifang Luzheng Industry and Trade Co ltd,,google/gemini-2.0-flash-001,success
2158,Certificat API 5L producator Huayang - semnat.pdf,ALTELE,0.95,ai,completed,OK,"HEBEI HUA YANG STEEL PIPE CO., LTD.",țeavă pentru transport (Line Pipe),,,,google/gemini-2.0-flash-001,success
2159,Certificat CE PED producator Huayang - semnat.pdf,CE,0.99,filename+text_agree,completed,OK,VALROM INDUSTRIE SRL,"țevi sudate din oțel P235TR1 ,P265TR1 ,P235TR2, P265TR2 EN10217-1:2019, teava sudata P235GH,P265GH EN10217-2:2019, teava sudata P235GH,P265GH EN10217-5:2019, teava sudata P215NL,P265NL EN10217-6:2019",10.08.2026,ZHEJIANG HUAYANG PIPELINE INDUSTRY CO LTD,"Yongjia County, Wenzhou City, Zhejiang Province, China",google/gemini-2.0-flash-001,success
2160,Certificat de testare 3.1 MTC 508x8 HUAYANG (MODEL) - semnat.pdf,CERTIFICAT_CALITATE,0.93,filename_regex,completed,OK,,Teava de oțel LSAW,,ZHEJIANG HUAYANG PIPELINE INDUSTRY CO LTD,,google/gemini-2.0-flash-001,success
2161,Certificat de testare 3.1 MTC 711x8 HUAYANG (MODEL) - semnat.pdf,CERTIFICAT_CALITATE,0.93,filename_regex,completed,OK,,Teava de oțel LSAW,,ZHEJIANG HUAYANG PIPELINE INDUSTRY CO LTD,,google/gemini-2.0-flash-001,success
2162,Certificat de testare 3.1 MTC 813x8 HUAYANG (MODEL) - semnat.pdf,CERTIFICAT_CALITATE,0.93,filename_regex,completed,OK,ZHEJIANG HUAYANG PIPELINE INDUSTRY CO LTD,Teavă de oțel LSAW ISO 3183 PSL2,,ZHEJIANG HUAYANG PIPELINE INDUSTRY CO LTD,,google/gemini-2.0-flash-001,success
2163,Declaratie grosime si rugozitate izolatie interioara producator Huayang (MODEL) - semnat.pdf,CERTIFICAT_CALITATE,0.85,ai,completed,OK,VALROM INDUSTRIE SRL,Țevi izolate,,ZHEJIANG HUAYANG PIPELINE INDUSTRY CO LTD,"Yongjia County, Wenzhou City, Zhejiang Province, China",google/gemini-2.0-flash-001,success
2164,Declaratie uzilizare gaz natural cu continut de hidrogen producator Huayang (MODEL) - semnat.pdf,DECLARATIE_CONFORMITATE,0.95,ai,completed,OK,VALROM INDUSTRIE SRL,Țevi pentru gaz natural cu conținut de hidrogen de 20%,,ZHEJIANG HUAYANG PIPELINE INDUSTRY CO LTD,"Yongjia County, Wenzhou City, Zhejiang Province, China",google/gemini-2.0-flash-001,success
2165,ISO 14001 Huayang - semnat.pdf,ISO,0.99,filename+text_agree,completed,OK,ZHEJIANG HUAYANG PIPELINE INDUSTRY CO LTD,,08.05.2028,,"Hope New District, Mengcun Hui Autonomous County, Cangzhou City, Hebei, P.R.China",google/gemini-2.0-flash-001,success
2166,ISO 14001+45001 PETROUZINEX - semnat.pdf,ISO,0.99,filename+text_agree,completed,OK,VALROM INDUSTRIE SRL,,09.12.2027,,"Str. Uzinei nr. 1, Valcea",google/gemini-2.0-flash-001,success
2167,ISO 45001 Huayang - semnat.pdf,ISO,0.99,filename+text_agree,completed,OK,ZHEJIANG HUAYANG PIPELINE INDUSTRY CO LTD,,08.05.2028,,"Hope New District, Mengcun Hui Autonomous County, Cangzhou City, Hebei, P.R.China",google/gemini-2.0-flash-001,success
2168,ISO 9001 Huayang - semnat.pdf,ISO,0.99,filename+text_agree,completed,OK,ZHEJIANG HUAYANG PIPELINE INDUSTRY CO LTD,,08.05.2028,,"Hope New District, Mengcun Hui Autonomous County, Cangzhou City, Hebei, P.R.China",google/gemini-2.0-flash-001,success
2169,ISO 9001 PETROUZINEX - semnat.pdf,ISO,0.99,filename+text_agree,completed,OK,VALROM INDUSTRIE SRL,,10.10.2027,,"Str. Uzinei nr. 1, Valcea",google/gemini-2.0-flash-001,success
2170,Lista proiecte producator Huayang - semnat.pdf,ALTELE,0.95,ai,completed,OK,Titas Bangladesh,ERW,,,,google/gemini-2.0-flash-001,success
2171,MODEL - Declaratie de Conformitate si Certificat de Garantie semnat.pdf,DECLARATIE_CONFORMITATE,0.95,filename_regex,completed,OK,VALROM INDUSTRIE SRL,,,VALROM INDUSTRIE SRL,"Piatra-Neamț, Str.Bulevardul General Nicolae Dăscălescu , Nr.261 Județul: Neamț",google/gemini-2.0-flash-001,success
2172,Plan de inspectie si testare a acoperirii interne producator Huayang -semnat.pdf,ALTELE,0.85,ai,completed,OK,TIANJINHUILIFENGANTI-CORROSIONANDINSULATIONSTEELPIPEGROUP CO.LTD,ȚEAVĂ LSAW,,,,google/gemini-2.0-flash-001,success
2173,Plan de inspectie si testare a productiei pentru acoperirea exterioara 3LPE producator HUAYANG - semnat.pdf,FISA_TEHNICA,0.80,text_rules,completed,OK,,Acoperire Exterioară 3LPE,,TIANJINHUILIFENGANTI-CORROSIONANDINSULATIONSTEELPIPEGROUP CO.LTD,,google/gemini-2.0-flash-001,success
2174,Plan insepectie si testare acoperire externa 3LPE A0516 producator Huayang - semnat.pdf,FISA_TEHNICA,0.80,text_rules,completed,OK,,Acoperire externă anticorozivă 3LPE,,ZHEJIANG HUAYANG PIPELINE INDUSTRY CO LTD,,google/gemini-2.0-flash-001,success
2175,Plan inspectie si testare teava sudata longitudinal ITP LSAW producator Huayang - semnat.pdf,ALTELE,0.85,ai,completed,OK,ZHEJIANG HUAYANG PIPELINE INDUSTRY CO LTD,直缝埋弧焊钢管,,,,google/gemini-2.0-flash-001,success
2176,Procedura de pregatire si fabricatie acoperire interna producator Huayang - semnat.pdf,FISA_TEHNICA,0.80,text_rules,completed,OK,,acoperire interna,,ZHEJIANG HUAYANG PIPELINE INDUSTRY CO LTD,,google/gemini-2.0-flash-001,success
2177,Specificatii procedurii de fabricatie teava sudata longitudinal SAWL producator Huayang - semnat.pdf,FISA_TEHNICA,0.80,text_rules,completed,OK,,Teava sudata longitudinal SAWL,,ZHEJIANG HUAYANG PIPELINE INDUSTRY CO LTD,,google/gemini-2.0-flash-001,success
2178,1cert_NIMFA_EN_RO.pdf,ISO,0.99,text_rules,completed,OK,AKMERMER DEMIR CELIK TIC. SAN. LTD. ȘTI.,,24.12.2026,,Bașkent OSB Recep Tayyip Erdogan Bulv. Nr: 13 TR-06378 Malikoy / ANKARA,google/gemini-2.0-flash-001,success
2179,2cert_NIMFA_EN_RO.pdf,ISO,0.99,text_rules,completed,OK,AKMERMER DEMIR CELIK TIC. SAN. LTD. ȘTI.,,24.12.2026,,Bașkent OSB Recep Tayyip Erdogan Bulv. Nr: 13 TR-06378 Malikoy / ANKARA,google/gemini-2.0-flash-001,success
2180,3cert_NIMFA_EN_RO.pdf,ISO,0.99,text_rules,completed,OK,AKMERMER DEMIR CELIK TIC. SAN. LTD. ȘTI.,,29.12.2026,,Bașkent OSB Recep Tayyip Erdogan Bulv. Nr: 13 TR-06378 Malikoy / ANKARA,google/gemini-2.0-flash-001,success
2181,AWWA C210_NIMFA_EN_RO_260223_125244.pdf,DECLARATIE_CONFORMITATE,0.85,text_rules,completed,OK,TUV AUSTRIA TURK,ȚEVI DE OȚEL,16.11.2026,AKMERMER DEMIR CELIK TIC. VE SAN. LTD. ȘTI.,MALIKOY BAȘKENT OSB. MAH RECEP TAYYIP ERDOGAN BULV. NR.: 13 MALIKOY/ANKARA,google/gemini-2.0-flash-001,success
2182,EN 10217-1_RO_260219_153142.pdf,DECLARATIE_CONFORMITATE,0.85,text_rules,completed,OK,ZHEJIANG HUAYANG PIPELINE INDUSTRY CO LTD,ȚEVI DE OȚEL,21.11.2026,AKMERMER DEMIR CELIK TIC. VE SA. LTD. ȘTI.,MALIKOY BAȘKENT OSB. MAH RECEP TATTIP ERDOGAN BULV. NR.: 13 MALIKOY/ANKARA,google/gemini-2.0-flash-001,success
2183,EN 10289_RO.pdf,DECLARATIE_CONFORMITATE,0.85,text_rules,completed,OK,ZHEJIANG HUAYANG PIPELINE INDUSTRY CO LTD,Țevi din oțel sudate spiralat,12.01.2028,AKMERMER DEMIR CELIK TIC. VE SA. LTD. ȘTI.,"Malikoy Bașkent OSB, Mah. Recep Tayyip Erdogan Bulv. Nr: 13 Malikoy/Ankara/Turcia",google/gemini-2.0-flash-001,success
2184,EN 1090-1_NIMFA_EN_RO_260223_125207.pdf,DECLARATIE_CONFORMITATE,0.85,text_rules,completed,OK,AKMERMER DEMIR CELIK. TIC. VE SAN. LTD. ȘTI.,Componente pentru structuri din aluminiu și oțel,,AKMERMER DEMIR CELIK. TIC. VE SAN. LTD. ȘTI.,Malikoy Bașkent OSB. Mah. Recep Tayyip Erdogan Bulv. Nr: 13 Malikoy/Ankara/Turcia,google/gemini-2.0-flash-001,success
2185,EPOXY 18521 KANEPOX LINING FREE_RO.pdf,CERTIFICAT_CALITATE,0.92,text_rules,completed,OK,,18521 KANEPOX LINING FREE,,KANAT Project Group,,google/gemini-2.0-flash-001,success
2186,EPOXY 1852113010L KANAT KANEPOX_RO.pdf,FISA_TEHNICA,0.80,text_rules,completed,OK,TERAPLAST SA,KANEPOX LINING FREE C 3010 O.KIRMIZI,,KANAT Boyacilik Tic. ve San. A.S.,Kemalpașa O.S.B. Mah. Izmir Ankara Yolu No. 321 KEMALPAȘA 35730 IZMIR – TURCIA,google/gemini-2.0-flash-001,success
2187,EPOXY_Certificat WRAS_RO.pdf,CERTIFICAT_CALITATE,0.92,text_rules,completed,OK,KANAT PAINTS AND COATINGS,"Acoperiri epoxidice colorate în crem sau roșu, bicomponente, aplicate din fabrică, formate din componenta A (18521) și componenta B (0362)",,KANAT PAINTS AND COATINGS,,google/gemini-2.0-flash-001,success
2188,ISO 14001 Akmermer tradus.pdf,ISO,0.99,filename+text_agree,completed,OK,AKMERMER DEMIR CELIK TIC. SAN. LTD. ȘTI.,,24.12.2026,,Bașkent OSB Recep Tayyip Erdogan Bulv. Nr: 13 TR-06378 Malikoy / ANKARA,google/gemini-2.0-flash-001,success
2189,ISO 45001 Akmermer tradus.pdf,ISO,0.99,filename+text_agree,completed,OK,AKMERMER DEMIR CELIK TIC. SAN. LTD. ȘTI.,,29.12.2026,,Bașkent OSB Recep Tayyip Erdogan Bulv. Nr: 13 TR-06378 Malikoy / ANKARA,google/gemini-2.0-flash-001,success
2190,ISO 9001 Akmermer tradus.pdf,ISO,0.99,filename+text_agree,completed,OK,AKMERMER DEMIR CELIK TIC. SAN. LTD. ȘTI.,,24.12.2026,,Bașkent OSB Recep Tayyip Erdogan Bulv. Nr: 13 TR-06378 Malikoy / ANKARA,google/gemini-2.0-flash-001,success
2191,ISO_9001-2012_2028.pdf,ISO,0.99,filename+text_agree,completed,OK,VALROM INDUSTRIE SRL,,10.04.2028,,"Str. Industriei nr. 3, Bistrita, Bistrita-Nasaud",google/gemini-2.0-flash-001,success
2192,SAMPLE CE DECLARATION_RO.pdf,CE,0.95,filename_wins,completed,OK,TUV Austria Turk,"Profile tubulare sudate pentru structuri, inclusiv țevi pentru piloni utilizate la docuri, fundații și pilonări. EN 10025-2:2004 S235JR Ø273X8,00mm",,Akmermer Demir Celik Tc. Ve San. Ltd. Ști.,Bașkent OSB Mah. Recep Tayyip Erdogan Bulv. Nr. 13 Malikoy/Ankara 06909,google/gemini-2.0-flash-001,success
2193,SAMPLE NIMFA COM_RO.pdf,FISA_TEHNICA,0.80,text_rules,completed,OK,,Țeavă din oțel sudată longitudinal,,,,google/gemini-2.0-flash-001,success
2194,AWWA C210.pdf,CERTIFICAT_CALITATE,0.95,ai,completed,OK,AKMERMER DEMİR ÇELİK TİC. VE SAN. LTD. ȘTI.,STEEL PIPES,,AKMERMER DEMİR ÇELİK TİC. VE SAN. LTD. ȘTI.,,google/gemini-2.0-flash-001,success
2195,CC- Akmermer.pdf,CERTIFICAT_CALITATE,0.95,ai,completed,OK,,STEEL PIPES,,AKMERMER DEMİR ÇELİK TİC. VE SAN. LTD. ȘTI.,,google/gemini-2.0-flash-001,success
2196,CPR- eng- Akmermer.pdf,DECLARATIE_PERFORMANTA,0.90,text_rules,completed,OK,,Components for Aluminium and Steel structures,,AKMERMER DEMİR ÇELİK TİC. VE SAN. LT D. ȘTİ.,Malıköy Bașkent OSB. Mah. Recep Tayyip Erdoğan Bulv. No:13 Malıköy/Ankara/Türkiye,google/gemini-2.0-flash-001,success
2197,EN 10217-1.pdf,CERTIFICAT_CALITATE,0.95,ai,completed,OK,,STEEL PIPES,,AKMERMER DEMIR GELIK TIC. VE SAN. LTD. ȘTI.,,google/gemini-2.0-flash-001,success
2198,EN 10289.pdf,CERTIFICAT_CALITATE,0.95,ai,completed,OK,TUV AUSTRIA TURK,Spiral Welded Steel Pipes,,AKMERMER DEMIR CELIK TIC. VE SAN. LTD. STI.,,google/gemini-2.0-flash-001,success
2199,EPOXY 18521 KANEPOX LINING FREE Rev No 11-ENG.pdf,CERTIFICAT_CALITATE,0.92,text_rules,completed,OK,,18521 KANEPOX LINING FREE,,KANAT,,google/gemini-2.0-flash-001,success
2200,EPOXY WRAS Certificate - 18521 2029.pdf,CERTIFICAT_CALITATE,0.92,text_rules,completed,OK,Water Regulations Approval Scheme Ltd.,Kanepox Lining Free Cream or Red for use with Kanepox Hardener 0362,,KANAT PAINTS AND COATINGS,,google/gemini-2.0-flash-001,success
2201,EPOXY [1852113010L][KANAT - KANEPOX LINING FREE C 3010 O.KIRMIZI - 1852113010L][3][en].pdf,CE,0.92,text_rules,completed,OK,,KANEPOX LINING FREE C 3010 O.KIRMIZI,,KANAT Boyacilik Tic. ve San. A.S,Kemalpașa O.S.B. Mah. İzmir Ankara Yolu No.321 KEMALPAȘA 35730 İZMİR - TURKEY,google/gemini-2.0-flash-001,success
2202,SAMPLE CE DECLARATION OF CONFORMITY (System).pdf,CE,0.90,filename_regex,completed,OK,TUV Austria Türk,"Welded structural hollow sections, including piling pipe for docks, foundation and pile driving
Pipe Code:
Material Grade and Dimensions: EN 10025-2:2004 S235JR
Ø273X8,00mm",,Akmermer Demir Çelik Tic. ve San. Ltd. Ști.,Bașkent OSB Mah. Recep Tayyip Erdoğan Bulv. No:13 Malıköy/Ankara 06909,google/gemini-2.0-flash-001,success
2203,"SAMPLE NIMFA COM SRL MTC 25-153 Ã609,6 x 8,00 mm.pdf",CERTIFICAT_CALITATE,0.93,filename_regex,completed,OK,VALROM INDUSTRIE SRL,,,,,google/gemini-2.0-flash-001,success
2204,Autorizatie Metal Trade-HALLS.pdf,AUTORIZATIE_DISTRIBUTIE,0.90,filename_regex,completed,OK,,"Teava din otel sudata elicoidal 1016x10.3
Teava din otel sudata elicoidal 406.4x8",14.05.2024,REHAU POLYMER SRL,"Str. Industriei nr. 3, Bistrita, Bistrita-Nasaud",google/gemini-2.0-flash-001,success
2205,DOC TUB PROTECTIE.pdf,ISO,0.83,text_rules,completed,OK,REHAU POLYMER SRL,,05.06.2025,,"Calea Prutului nr. 230, Galați, Jud. Galați, Romania",google/gemini-2.0-flash-001,success
2206,FT.pdf,FISA_TEHNICA,0.99,filename+text_agree,completed,OK,,Teava sudata elicoidal,,REHAU POLYMER SRL,"CALEA PRUTULUI, nr. 230, cod 800201",google/gemini-2.0-flash-001,success
2207,ISO 45001 Metal Trade.pdf,ISO,0.95,filename_regex,completed,OK,REHAU POLYMER SRL,,05.06.2026,,"Galați, strada Portului, nr. 56, biroul 17, et. I, județul Galați",google/gemini-2.0-flash-001,success
2208,ISO 9001 HALLS T..pdf,ISO,0.90,filename_regex,completed,OK,VALROM INDUSTRIE SRL,,19.07.2026,,,google/gemini-2.0-flash-001,success
2209,ISO 9001 Metal Trade.pdf,ISO,0.99,filename+text_agree,completed,OK,REHAU POLYMER SRL,,05.06.2026,,"Str. Industriei nr. 3, Bistrita, Bistrita-Nasaud",google/gemini-2.0-flash-001,success
2210,ISO`14001 Metal Trade.pdf,ISO,0.99,filename+text_agree,completed,OK,REHAU POLYMER SRL,,05.06.2026,,"Str. Uzinei nr. 1, Valcea",google/gemini-2.0-flash-001,success
2211,Model 3.1.pdf,CERTIFICAT_CALITATE,0.95,ai,completed,OK,REHAU POLYMER SRL,TEVI SUDATE ELICOIDAL NEIZOLATE,,REHAU POLYMER SRL,str. CALEA PRUTULUI nr.230,google/gemini-2.0-flash-001,success
2212,Model D.C..pdf,DECLARATIE_CONFORMITATE,0.90,text_rules,completed,OK,REHAU POLYMER SRL,"Teava sudata elicoidal Φ 1016x 10.3
Teava sudata elicoidal Φ406.4X8",,REHAU POLYMER SRL,"Str. Industriei nr. 3, Bistrita, Bistrita-Nasaud",google/gemini-2.0-flash-001,success
2213,Certificat API 5L producator Huayang - semnat.pdf,ALTELE,0.95,ai,completed,OK,"HEBEI HUA YANG STEEL PIPE CO., LTD.",țeavă pentru transport (Line Pipe),,,,google/gemini-2.0-flash-001,success
2214,Certificat CE PED producator Huayang - semnat.pdf,CE,0.99,filename+text_agree,completed,OK,VALROM INDUSTRIE SRL,țevi sudate din oțel,10.08.2026,ZHEJIANG HUAYANG PIPELINE INDUSTRY CO LTD,"Yongjia County, Wenzhou City, Zhejiang Province, China",google/gemini-2.0-flash-001,success
2215,Certificat de testare 3.1 MTC 508x8 HUAYANG (MODEL) - semnat.pdf,CERTIFICAT_CALITATE,0.93,filename_regex,completed,OK,,Teava de oțel LSAW,,ZHEJIANG HUAYANG PIPELINE INDUSTRY CO LTD,,google/gemini-2.0-flash-001,success
2216,Certificat de testare 3.1 MTC 711x8 HUAYANG (MODEL) - semnat.pdf,CERTIFICAT_CALITATE,0.93,filename_regex,completed,OK,,Teava de otel LSAW,,ZHEJIANG HUAYANG PIPELINE INDUSTRY CO LTD,,google/gemini-2.0-flash-001,success
2217,Certificat de testare 3.1 MTC 813x8 HUAYANG (MODEL) - semnat.pdf,CERTIFICAT_CALITATE,0.93,filename_regex,completed,OK,ZHEJIANG HUAYANG PIPELINE INDUSTRY CO LTD,LSAW STEEL PIPE,,ZHEJIANG HUAYANG PIPELINE INDUSTRY CO LTD,,google/gemini-2.0-flash-001,success
2218,Declaratie grosime si rugozitate izolatie interioara producator Huayang (MODEL) - semnat.pdf,CERTIFICAT_CALITATE,0.85,ai,completed,OK,VALROM INDUSTRIE SRL,Tevi izolate,,ZHEJIANG HUAYANG PIPELINE INDUSTRY CO LTD,"Yongjia County, Wenzhou City, Zhejiang Province, China",google/gemini-2.0-flash-001,success
2219,Declaratie uzilizare gaz natural cu continut de hidrogen producator Huayang (MODEL) - semnat.pdf,DECLARATIE_CONFORMITATE,0.95,ai,completed,OK,VALROM INDUSTRIE SRL,Țevi pentru gaz natural cu conținut de hidrogen de 20%,,ZHEJIANG HUAYANG PIPELINE INDUSTRY CO LTD,"Yongjia County, Wenzhou City, Zhejiang Province, China",google/gemini-2.0-flash-001,success
2220,ISO 14001 Huayang - semnat.pdf,ISO,0.99,filename+text_agree,completed,OK,ZHEJIANG HUAYANG PIPELINE INDUSTRY CO LTD,,08.05.2028,,"Hope New District, Mengcun Hui Autonomous County, Cangzhou City, Hebei, P.R.China",google/gemini-2.0-flash-001,success
2221,ISO 14001+45001 PETROUZINEX - semnat.pdf,ISO,0.99,filename+text_agree,completed,OK,VALROM INDUSTRIE SRL,,09.12.2027,,"Str. Uzinei nr. 1, Valcea",google/gemini-2.0-flash-001,success
2222,ISO 45001 Huayang - semnat.pdf,ISO,0.99,filename+text_agree,completed,OK,ZHEJIANG HUAYANG PIPELINE INDUSTRY CO LTD,,08.05.2028,,"Hope New District, Mengcun Hui Autonomous County, Cangzhou City, Hebei, P.R.China",google/gemini-2.0-flash-001,success
2223,ISO 9001 Huayang - semnat.pdf,ISO,0.99,filename+text_agree,completed,OK,ZHEJIANG HUAYANG PIPELINE INDUSTRY CO LTD,,08.05.2028,,"Hope New District, Mengcun Hui Autonomous County, Cangzhou City, Hebei, P.R.China",google/gemini-2.0-flash-001,success
2224,ISO 9001 PETROUZINEX - semnat.pdf,ISO,0.99,filename+text_agree,completed,OK,VALROM INDUSTRIE SRL,,10.10.2027,,"Str. Uzinei nr. 1, Valcea",google/gemini-2.0-flash-001,success
2225,Lista proiecte producator Huayang - semnat.pdf,ALTELE,0.95,ai,completed,OK,Titas Bangladesh,ERW,,,,google/gemini-2.0-flash-001,success
2226,MODEL - Declaratie de Conformitate si Certificat de Garantie semnat.pdf,DECLARATIE_CONFORMITATE,0.95,filename_regex,completed,OK,VALROM INDUSTRIE SRL,produsele de mai jos,,VALROM INDUSTRIE SRL,"Piatra-Neamt, Str.Bulevardul General Nicolae Dascalescu , Nr.261 Judetul: Neamt",google/gemini-2.0-flash-001,success
2227,Plan de inspectie si testare a acoperirii interne producator Huayang -semnat.pdf,ALTELE,0.95,ai,completed,OK,TIANJINHUILIFENGANTI-CORROSIONANDINSULATIONSTEELPIPEGROUP CO.LTD,ȚEAVĂ LSAW,,,,google/gemini-2.0-flash-001,success
2228,Plan de inspectie si testare a productiei pentru acoperirea exterioara 3LPE producator HUAYANG - semnat.pdf,FISA_TEHNICA,0.80,text_rules,completed,OK,,Acoperire Exterioară 3LPE,,TIANJINHUILIFENGANTI-CORROSIONANDINSULATIONSTEELPIPEGROUP CO.LTD,,google/gemini-2.0-flash-001,success
2229,Plan insepectie si testare acoperire externa 3LPE A0516 producator Huayang - semnat.pdf,FISA_TEHNICA,0.80,text_rules,completed,OK,,Acoperire externă anticorozivă 3LPE,,ZHEJIANG HUAYANG PIPELINE INDUSTRY CO LTD,,google/gemini-2.0-flash-001,success
2230,Plan inspectie si testare teava sudata longitudinal ITP LSAW producator Huayang - semnat.pdf,ALTELE,0.85,ai,completed,OK,ZHEJIANG HUAYANG PIPELINE INDUSTRY CO LTD,直缝埋弧焊钢管,,,,google/gemini-2.0-flash-001,success
2231,Procedura de pregatire si fabricatie acoperire interna producator Huayang - semnat.pdf,FISA_TEHNICA,0.80,text_rules,completed,OK,,acoperire interna,,ZHEJIANG HUAYANG PIPELINE INDUSTRY CO LTD,,google/gemini-2.0-flash-001,success
2232,Specificatii procedurii de fabricatie teava sudata longitudinal SAWL producator Huayang - semnat.pdf,FISA_TEHNICA,0.80,text_rules,completed,OK,,Teava sudata longitudinal cu arc electric sub strat de flux,,ZHEJIANG HUAYANG PIPELINE INDUSTRY CO LTD,,google/gemini-2.0-flash-001,success
2233,1. CUI.pdf,CUI,0.95,filename_regex,completed,OK,VALROM INDUSTRIE SRL,"Fabricarea plăcilor, foliilor, tuburilor și profilelor din material plastic",,,"BUCUREȘTI, Sector 6, B-dul PRECIZIEI, Nr. 28",,success
2234,Aviz si agrement nr 4076_DC_Tevi si fit PEHD gaze Valrom.pdf,AVIZ_TEHNIC_SI_AGREMENT,0.90,filename_wins,completed,OK,VALROM INDUSTRIE SRL,TEVI SI FITINGURI PEHD <GasKIT>,,VALROM INDUSTRIE SRL,"B-dul Preciziei, Nr. 28, Sector 6, Bucuresti, Romania",google/gemini-2.0-flash-001,success
2235,Aviz si agrement nr 4076_Tevi si fit PEHD gaze Valrom_DC.pdf,AVIZ_TEHNIC_SI_AGREMENT,0.90,filename_wins,completed,OK,VALROM INDUSTRIE SRL,TEVI SI FITINGURI DIN PEID PENTRU ALIMENTARE CU GAZE NATURALE,20.05.2025,VALROM INDUSTRIE SRL,"B-dul Preciziei, Nr. 28, Sector 6, Bucuresti, Romania",google/gemini-2.0-flash-001,success
2236,Certificat ISO 14001 SRAC 2025_2026.pdf,ISO,0.99,filename+text_agree,completed,OK,VALROM INDUSTRIE SRL,,24.11.2028,,"B-dul. Preciziei, nr. 28, sector 6, Bucuresti",google/gemini-2.0-flash-001,success
2237,Certificat ISO 45001 SRAC 2025_2026.pdf,ISO,0.99,filename+text_agree,completed,OK,VALROM INDUSTRIE SRL,,24.11.2028,,"B-dul. Preciziei, nr. 28, sector 6, Bucuresti",google/gemini-2.0-flash-001,success
2238,Certificat ISO 9001 SRAC 2025_2026.pdf,ISO,0.99,filename+text_agree,completed,OK,VALROM INDUSTRIE SRL,,24.11.2028,,"B-dul. Preciziei, nr. 28, sector 6, Bucuresti",google/gemini-2.0-flash-001,success
2239,Certificate de conformitate2025_2028.pdf,DECLARATIE_CONFORMITATE,0.90,filename_regex,completed,OK,VALROM INDUSTRIE SRL,"Tevi din PVC-U VALPLast by VALROM pentru evacuare, canalizare și drenaj, fară presiune, subterane cu suprafata interioară și exterioară netedă si pentru sistem, tip A, DN110 mm + 630 mm, SN2 + SN16. Marca VALPlast
Tevi din polietilenă monostrat, dublustrat și triplustrat coextrudate și cu strat",,VALROM INDUSTRIE SRL,"bd. Preciziei, nr. 9, sector 6, Bucuresti, România",google/gemini-2.0-flash-001,success
2240,Fisa tehnica Tevi Gaskit PE100 SDR11_11noiembrie 2024.pdf,FISA_TEHNICA,0.99,filename+text_agree,completed,OK,VALROM INDUSTRIE SRL,Țevi <GasKIT> PE100 D. 32÷630mm SDR11,,VALROM INDUSTRIE SRL,,google/gemini-2.0-flash-001,success
2241,VLR 002.7_Declaratie de conformitate_Tevi si fitinguri gaz VALROM_27_06_2027.pdf,DECLARATIE_CONFORMITATE,0.98,filename+text_agree,completed,OK,VALROM INDUSTRIE SRL,TEVI SI FITINGURI DIN PEID PENTRU ALIMENTARE CU GAZE NATURALE,,VALROM INDUSTRIE SRL,"B-dul Preciziei, Nr. 28, Sector 6, Bucuresti, Romania",google/gemini-2.0-flash-001,success
2242,01737.1 PE gaz.pdf,DECLARATIE_CONFORMITATE,0.85,text_rules,completed,OK,TERAPLAST SA,"TEVI “POLITUB” DIN POLIETILENĂ, PENTRU SISTEME DE ALIMENTARE CU GAZE NATURALE",19.02.2029,TERAPLAST SA,"Str. Industriei nr. 3, Bistrita, Bistrita-Nasaud",google/gemini-2.0-flash-001,success
2243,1. CUI.pdf,CUI,0.95,filename_regex,completed,OK,TERAPLAST SA,,,,,google/gemini-2.0-flash-001,success
2244,10. CUI.pdf,CUI,0.99,filename+text_agree,completed,OK,VALROM INDUSTRIE SRL,,,,"Str. Uzinei nr. 1, Valcea",google/gemini-2.0-flash-001,success
2245,AT 021-05-257-2025 TERAPLAST - Tevi din PEID pt. gaz.pdf,AGREMENT,0.98,filename+text_agree,completed,OK,TERAPLAST SA,TEVI DIN PEID PENTRU SISTEME DE ALIMENTARE CU GAZE NATURALE,04.06.2028,TERAPLAST SA,"Str. Uzinei nr. 1, Valcea",google/gemini-2.0-flash-001,success
2246,Aviz Teh. 021-05-257-2025 TERAPLAST - Tevi din PEID pt. gaz.pdf,AVIZ_TEHNIC_SI_AGREMENT,0.90,text_rules,completed,OK,VALROM INDUSTRIE SRL,Tevi din PEID pentru sisteme de alimentare cu gaze naturale,24.07.2027,TERAPLAST SA,"Str. Uzinei nr. 1, Valcea",google/gemini-2.0-flash-001,success
2247,"Certificat 01381.1 - tevi PE gaz tip 1,2,3.pdf",DECLARATIE_CONFORMITATE,0.85,text_rules,completed,OK,TERAPLAST SA,"Țevi “POLITUB” din polietilenă, pentru sisteme de alimentare cu gaze naturale",23.02.2026,TERAPLAST SA,"Str. Industriei nr. 3, Bistrita, Bistrita-Nasaud",google/gemini-2.0-flash-001,success
2248,Certificat_14001_ro.pdf,ISO,0.99,text_rules,completed,OK,TERAPLAST SA,,04.11.2027,,"Str. Industriei nr. 3, Bistrita, Bistrita-Nasaud",google/gemini-2.0-flash-001,success
2249,Certificat_45001_ro.pdf,ISO,0.99,text_rules,completed,OK,TERAPLAST SA,,01.12.2027,,"Str. Industriei nr. 3, Bistrita, Bistrita-Nasaud",google/gemini-2.0-flash-001,success
2250,Certificat_9001_ro.pdf,ISO,0.99,text_rules,completed,OK,TERAPLAST SA,,04.11.2027,,"Str. Industriei nr. 3, Bistrita, Bistrita-Nasaud",google/gemini-2.0-flash-001,success
2251,Fisa tehnica- tevi GAZ PE100 2022.pdf,FISA_TEHNICA,0.98,filename+text_agree,completed,OK,,Țevi PE100 pentru GAZ,,TERAPLAST SA,,google/gemini-2.0-flash-001,success
2252,Garantie TRP.pdf,CERTIFICAT_GARANTIE,0.90,text_rules,completed,OK,,"Tevi si Fitinguri PVC, PP, PEX, Tevi corugate PP si PE, Camine si accesorii PE, Rezervoare PE",2 ani de la receptie,TERAPLAST SA,"Str. Industriei nr. 3, Bistrita, Bistrita-Nasaud",google/gemini-2.0-flash-001,success
2253,Instructiuni de montaj LUCRÄRI  DE  TERASAMENT  ÅI  POZARE  pentru  reÅ£ele  PE 2021.pdf,FISA_TEHNICA,0.80,text_rules,completed,OK,,Țevi și fitinguri PE,,TERAPLAST SA,STR PE – ghidul francez ed.3 si altele). Testul de rezistenta din,google/gemini-2.0-flash-001,success
2254,MODEL decl Tevi si fitinguri PE apa si gaz   Certificate 2023.pdf,DECLARATIE_CONFORMITATE,0.90,text_rules,completed,OK,TERAPLAST SA,Țevi și Fitinguri din PE pentru apa si gaz,,TERAPLAST SA,"Str. Uzinei nr. 1, Valcea",google/gemini-2.0-flash-001,success
2255,1. FT ro.pdf,FISA_TEHNICA,0.98,filename+text_agree,completed,OK,TEHNO WORLD SRL,"Tevi HDPE PE100, MRS= 10Mpa si PE80, MRS= 8MPa, pentru distributia si transportul gazelor naturale, conform normelor SR EN 1555-2, ISO 4437",,TEHNO WORLD SRL,"Loc. Baia, nr. 1616, DN2E km 2 Jud. Suceava, RO-727020",google/gemini-2.0-flash-001,success
2256,1.1 FT engl.pdf,FISA_TEHNICA,0.90,filename_regex,completed,OK,TEHNO WORLD SRL,GAS POLYETHYLENE PIPE PE 100,,TEHNO WORLD SRL,"Loc. Baia, nr. 1616, DN2E km 2 Jud. Suceava, RO-727020",google/gemini-2.0-flash-001,success
2257,2. DC.pdf,DECLARATIE_CONFORMITATE,0.98,filename+text_agree,completed,OK,TEHNO WORLD SRL,TEVI SI FITINGURI DIN PEID PENTRU ALIMENTARE CU GAZE NATURALE COMBUSTIBILE,,TEHNO WORLD SRL,Loc. Baia nr. 1616 – jud. Suceava – România,google/gemini-2.0-flash-001,success
2258,3. CC 8 SABLON CC TEAVA GAZ PE100_draft.pdf,CERTIFICAT_CALITATE,0.98,filename+text_agree,completed,OK,TEHNO WORLD SRL,Teava PE100 (conform SR EN 1555-1-2),,TEHNO WORLD SRL,Loc: Jud: RO87BACX0000003023781012,google/gemini-2.0-flash-001,success
2259,4. AVT.pdf,AVIZ_TEHNIC,0.95,filename_wins,completed,OK,TEHNO WORLD SRL,Țevi și fitinguri din Peid pentru alimentare cu gaze naturale combustibile,27.02.2026,TEHNO WORLD SRL,"Str. Industriei nr. 3, Bistrita, Bistrita-Nasaud",google/gemini-2.0-flash-001,success
2260,5. AGT.pdf,AGREMENT,0.98,filename+text_agree,completed,OK,TEHNO WORLD SRL,Tevi și fitinguri din PEID pentru alimentare cu gaze naturale combustibile,27.02.2026,TEHNO WORLD SRL,"Loc. Baia nr, 1616DN 2 E- jud. Suceava - Romănia",google/gemini-2.0-flash-001,success
2261,6. ISO 9001.pdf,ISO,0.99,filename+text_agree,completed,OK,TEHNO WORLD SRL,,31.08.2028,,"Baia nr.1616, DN 2 E- km 2 727030 Baia, jud. Suceava România",google/gemini-2.0-flash-001,success
2262,7. ISO 14001.pdf,ISO,0.99,filename+text_agree,completed,OK,TEHNO WORLD SRL,,31.08.2028,,"Baia nr.1616, DN 2 E- km 2 727030 Baia, jud. Suceava România",google/gemini-2.0-flash-001,success
2263,8. ISO 45001.pdf,ISO,0.99,filename+text_agree,completed,OK,TEHNO WORLD SRL,,02.09.2028,,"Baia nr.1616, DN 2 E- km 2 727030 Baia, jud. Suceava România",google/gemini-2.0-flash-001,success
2264,adresa Tehnoworld pentru agrementul tehnic al tevii de gaz.pdf,ALTELE,0.85,ai,completed,OK,TEHNO WORLD SRL,Tevi si fitinguri din PEID pentru alimentare cu gaze naturale combustibile,,,va aducem la cunostinta Tehno World are demarat procesul de re-,google/gemini-2.0-flash-001,success
2265,CC 8 SABLON CC TEAVA GAZ PE100_draft.pdf,CERTIFICAT_CALITATE,0.98,filename+text_agree,completed,OK,TEHNO WORLD SRL,Teava PE (conform EN 1555-1-2),,TEHNO WORLD SRL,Loc: Jud: RO87BACX0000003023781012,google/gemini-2.0-flash-001,success
2266,DC 36 Teava gaz PEHD_draft.pdf,DECLARATIE_CONFORMITATE,0.98,filename+text_agree,completed,OK,TEHNO WORLD SRL,TEVI SI FITINGURI DIN PEID PENTRU ALIMENTARE CU GAZE NATURALE COMBUSTIBILE,,TEHNO WORLD SRL,Loc. Baia nr. 1616 – jud. Suceava – România,google/gemini-2.0-flash-001,success
2267,DOP gas pipe   eng.pdf,DECLARATIE_PERFORMANTA,0.99,filename_regex,completed,OK,TEHNO WORLD SRL,HDPE pipe for supplying combustible natural gas,,TEHNO WORLD SRL,"Loc. Baia, nr. 1616, DN 2E km 2 - Suceava – ROMANIA",google/gemini-2.0-flash-001,success
2268,QC8-GAS PIPE EN.pdf,CERTIFICAT_CALITATE,0.95,ai,completed,OK,TEHNO WORLD SRL,Gas pipe PE100 D. SDR (conform EN 1555-1-2),,,,google/gemini-2.0-flash-001,success
2269,14_FISA TEHNICA PVC  multistrat.pdf,FISA_TEHNICA,0.98,filename+text_agree,completed,OK,TEHNO WORLD SRL,"Tevi realizate din PVC neplastifiat, de culoare brun roscata RAL 8023",,TEHNO WORLD SRL,"Loc. Baia, nr. 1616, DN2E km 2 Jud. Suceava, RO-727020",google/gemini-2.0-flash-001,success
2270,2. ISO 9001.pdf,ISO,0.99,filename+text_agree,completed,OK,TEHNO WORLD SRL,,31.08.2028,,"Baia nr.1616, DN 2 E- km 2 727030 Baia, jud. Suceava România",google/gemini-2.0-flash-001,success
2271,3. ISO 14001.pdf,ISO,0.99,filename+text_agree,completed,OK,TEHNO WORLD SRL,,31.08.2028,,"Baia nr.1616, DN 2 E- km 2 727030 Baia, jud. Suceava România",google/gemini-2.0-flash-001,success
2272,4. ISO 45001.pdf,ISO,0.99,filename+text_agree,completed,OK,TEHNO WORLD SRL,,02.09.2028,,"Baia nr.1616, DN 2 E- km 2 727030 Baia, jud. Suceava România",google/gemini-2.0-flash-001,success
2273,5. AVT.pdf,AVIZ_TEHNIC,0.90,filename_wins,completed,REVIEW,VALROM INDUSTRIE SRL,Tevi din PVC-U pentru instalații de canalizare și drenaj,08.04.2026,TEHNO WORLD SRL,,google/gemini-2.0-flash-001,success
2274,6. AGT.pdf,AGREMENT,0.99,filename+text_agree,completed,OK,TEHNO WORLD SRL,ȚEVI MULTISTRAT DIN PVC-U PENTRU INSTALAȚII DE CANALIZARE ȘI DRENAJ,31.08.2025,TEHNO WORLD SRL,Loc. Baia nr. 1616 — jud. Suceava — România,google/gemini-2.0-flash-001,success
2275,Agrement tehnic PVC multistrat  021-05-072-2024.pdf,AGREMENT,0.99,filename+text_agree,completed,REVIEW,TEHNO WORLD SRL,ȚEVI MULTISTRAT DIN PVC-U PENTRU INSTALAȚII DE CANALIZARE SI DRENAJ,31.08.2025,TEHNO WORLD SRL,Loc. Baia nr. 1616 — jud. Suceava — România,google/gemini-2.0-flash-001,success
2276,Aviz Tehnic PVC multistrat  021-05-072-2024.pdf,AVIZ_TEHNIC,0.90,filename_wins,completed,REVIEW,VALROM INDUSTRIE SRL,Tevi din PVC-U pentru instalații de canalizare și drenaj,08.04.2026,TEHNO WORLD SRL,"Str. Industriei nr. 3, Bistrita, Bistrita-Nasaud",google/gemini-2.0-flash-001,success
2277,CC 15_ sablon CC teava PVC multistrat EN 13476-2_draft_lungime utila.pdf,CERTIFICAT_CALITATE,0.98,filename+text_agree,completed,OK,TEHNO WORLD SRL,Teava PVC multistrat cu mufa si garnitura,,TEHNO WORLD SRL,Loc Jud: RO87BACX0000003023781012,google/gemini-2.0-flash-001,success
2278,DC 10  PVC  DE250 SN8_draft.pdf,DECLARATIE_CONFORMITATE,0.98,filename+text_agree,completed,OK,TEHNO WORLD SRL,TEVI MULTISTRAT DIN PVC-U PENTRU INSTALATII DE CANALIZARE SI DRENAJ DE 250 SN8,,TEHNO WORLD SRL,Loc. Baia nr. 1616 – jud. Suceava – România,google/gemini-2.0-flash-001,success
2279,DC 21 PVC  DE160 SN8_draft.pdf,DECLARATIE_CONFORMITATE,0.98,filename+text_agree,completed,OK,TEHNO WORLD SRL,TEVI MULTISTRAT DIN PVC-U PENTRU INSTALATII DE CANALIZARE SI DRENAJ DE160 SN8,,TEHNO WORLD SRL,Loc. Baia nr. 1616 – jud. Suceava – România,google/gemini-2.0-flash-001,success
2280,DC 24 PVC  DE200 SN8_draft.pdf,DECLARATIE_CONFORMITATE,0.98,filename+text_agree,completed,OK,TEHNO WORLD SRL,TEVI MULTISTRAT DIN PVC-U PENTRU INSTALATII DE CANALIZARE SI DRENAJ DE 200 SN8,,TEHNO WORLD SRL,Loc. Baia nr. 1616 – jud. Suceava – România,google/gemini-2.0-flash-001,success
2281,DC 29 PVC  DE315 SN8_draft.pdf,DECLARATIE_CONFORMITATE,0.98,filename+text_agree,completed,OK,TEHNO WORLD SRL,TEVI MULTISTRAT DIN PVC-U PENTRU INSTALATII DE CANALIZARE SI DRENAJ DE 315 SN8,,TEHNO WORLD SRL,Loc. Baia nr. 1616 – jud. Suceava – România,google/gemini-2.0-flash-001,success
2282,DC 32 PVC  DE400 SN8_draft.pdf,DECLARATIE_CONFORMITATE,0.98,filename+text_agree,completed,OK,TEHNO WORLD SRL,TEVI MULTISTRAT DIN PVC-U PENTRU INSTALATII DE CANALIZARE SI DRENAJ DE 400 SN8,,TEHNO WORLD SRL,Loc. Baia nr. 1616 – jud. Suceava – România,google/gemini-2.0-flash-001,success
2283,FISA TEHNICA PVC  multistrat .pdf,FISA_TEHNICA,0.98,filename+text_agree,completed,OK,TEHNO WORLD SRL,"Tevi din PVC neplastifiat, de culoare brun roscata RAL 8023, SR EN 13476-1 :2018, SR EN 13476-3+A1 :2020, SR EN 1401 :2019",,TEHNO WORLD SRL,"Loc. Baia, nr. 1616, DN2E km 2 Jud. Suceava, RO-727020",google/gemini-2.0-flash-001,success
2284,Aviz agrement 4309 DC Tevi si fit PVC-U multistrat VALPlast_21nov2027.pdf,AVIZ_TEHNIC_SI_AGREMENT,0.90,filename_wins,completed,OK,VALROM INDUSTRIE SRL,ȚEVI ȘI FITINGURI DIN PVC-U MULTISTRAT PENTRU INSTALAȚII SI RETELE EXTERIOARE DE CANALIZARE,,VALROM INDUSTRIE SRL,"B-dul Preciziei, Nr. 28, Sector 6, Bucuresti, Romania",google/gemini-2.0-flash-001,success
2285,Aviz si AT 017-05-4295-2025.pdf,AVIZ_TEHNIC_SI_AGREMENT,1.00,human_review,failed,REVIEW,,,,,,,failed
2286,Certificat ISO 14001 SRAC 2025_2026.pdf,ISO,0.99,filename+text_agree,completed,OK,VALROM INDUSTRIE SRL,,24.11.2028,,"B-dul. Preciziei, nr. 28, sector 6, Bucuresti",google/gemini-2.0-flash-001,success
2287,Certificat ISO 45001 SRAC 2025_2026.pdf,ISO,0.99,filename+text_agree,completed,OK,VALROM INDUSTRIE SRL,,24.11.2028,,"B-dul. Preciziei, nr. 28, sector 6, Bucuresti",google/gemini-2.0-flash-001,success
2288,Certificat ISO 9001 SRAC 2025_2026.pdf,ISO,0.99,filename+text_agree,completed,OK,VALROM INDUSTRIE SRL,,24.11.2028,,"B-dul. Preciziei, nr. 28, sector 6, Bucuresti",google/gemini-2.0-flash-001,success
2289,Certificate de conformitate2025_2028.pdf,DECLARATIE_CONFORMITATE,0.90,filename_regex,completed,OK,VALROM INDUSTRIE SRL,"Tevi din PVC-U VALPlast by VALROM pentru evacuare, canalizare și drenaj, fără presiune, subterane cu suprafata interioară și exterioară netedă si pentru sistem, tip A, DN110 mun + 630 mm, SN2 + SN16. Marca VALPlast
Tevi din polietilenă monostrat, dublustrat și triplustrat coextrudate și cu strat",,VALROM INDUSTRIE SRL,"bd. Preciziei, nr. 9, sector 6, Bucuresti, România",google/gemini-2.0-flash-001,success
2290,Fisa tehnica Tevi PVC-U multistrat VALPlast.pdf,FISA_TEHNICA,0.99,filename+text_agree,completed,OK,VALROM INDUSTRIE SRL,Tevi VALPlast PVC multistrat D.110÷630mm SN2÷SN8,,VALROM INDUSTRIE SRL,,google/gemini-2.0-flash-001,success
2291,1. FT Teava PVC-KG.pdf,FISA_TEHNICA,0.98,filename+text_agree,completed,OK,TERAPLAST SA,TEVI DIN PVC-U RIGID MULTISTRAT,,TERAPLAST SA,,google/gemini-2.0-flash-001,success
2292,11. ISO 9001.pdf,ISO,0.99,filename+text_agree,completed,OK,ZAKPREST CONSTRUCT SRL,,14.02.2027,,"Str. Industriei nr. 3, Bistrita, Bistrita-Nasaud",google/gemini-2.0-flash-001,success
2293,12. ISO 14001.pdf,ISO,0.99,filename+text_agree,completed,OK,ZAKPREST CONSTRUCT SRL,,14.02.2027,,"Str. Industriei nr. 3, Bistrita, Bistrita-Nasaud",google/gemini-2.0-flash-001,success
2294,13. ISO 45001.pdf,ISO,0.99,filename+text_agree,completed,OK,ZAKPREST CONSTRUCT SRL,,14.02.2027,,"Str. Industriei nr. 3, Bistrita, Bistrita-Nasaud",google/gemini-2.0-flash-001,success
2295,14. ISO 50001.pdf,ISO,0.99,filename+text_agree,completed,OK,ZAKPREST CONSTRUCT SRL,,03.04.2026,,"Str. Industriei nr. 3, Bistrita, Bistrita-Nasaud",google/gemini-2.0-flash-001,success
2296,15. DC.pdf,DECLARATIE_CONFORMITATE,0.98,filename+text_agree,completed,REVIEW,ZAKPREST CONSTRUCT SRL,produse pentru constructii,,,in Bucuresti str,google/gemini-2.0-flash-001,success
2297,2. ISO 9001.pdf,ISO,0.99,filename+text_agree,completed,REVIEW,TERAPLAST SA,,04.11.2027,,"Str. Industriei nr. 3, Bistrita, Bistrita-Nasaud",google/gemini-2.0-flash-001,success
2298,3. ISO 14001.pdf,ISO,0.99,filename+text_agree,completed,REVIEW,TERAPLAST SA,,04.11.2027,,"Str. Industriei nr. 3, Bistrita, Bistrita-Nasaud",google/gemini-2.0-flash-001,success
2299,4. ISO 45001.pdf,ISO,0.99,filename+text_agree,completed,REVIEW,TERAPLAST SA,,01.12.2027,,"Str. Industriei nr. 3, Bistrita, Bistrita-Nasaud",google/gemini-2.0-flash-001,success
2300,5. AVT.pdf,AVIZ_TEHNIC,0.90,filename_wins,completed,REVIEW,VALROM INDUSTRIE SRL,Țevi multistrat și fitinguri din PVC pentru instalații decanalizare și drenare,08.04.2027,TERAPLAST SA,,google/gemini-2.0-flash-001,success
2301,6. AGT.pdf,AGREMENT,0.98,filename+text_agree,completed,OK,TERAPLAST SA,"ȚEVI MULTISTRAT SI FITINGURI DIN PVC PENTRU INSTALAȚII DE CANALIZARE ȘI
DRENARE",08.04.2027,TERAPLAST SA,"Sat Saratel, com. Șieu-Măgheruș, Calea Teraplast nr. 1 județ Bistrița-Năsăud",google/gemini-2.0-flash-001,success
2302,7. DC.pdf,DECLARATIE_CONFORMITATE,0.98,filename+text_agree,completed,REVIEW,TERAPLAST SA,Țevi Multistrat și Fitinguri din PVC pentru instalații de canalizare și drenare,,TERAPLAST SA,"Str. Uzinei nr. 1, Valcea",google/gemini-2.0-flash-001,success
2303,8. CG.pdf,CERTIFICAT_GARANTIE,0.98,filename+text_agree,completed,REVIEW,,"Tevi si Fitinguri PVC, PP, PE, PEX, microtuburi fibra optica, Camine si accesorii PE, Rezervoare PE, Tuburi PVC si PE protectie cabluri, Microstatii epurare, separatoare grasimi, Granule",2 ani de la receptie,TERAPLAST SA,"Str. Industriei nr. 3, Bistrita, Bistrita-Nasaud",google/gemini-2.0-flash-001,success
